day,timestamp,product,bid_price_1,bid_volume_1,bid_price_2,bid_volume_2,bid_price_3,bid_volume_3,ask_price_1,ask_volume_1,ask_price_2,ask_volume_2,ask_price_3,ask_volume_3,mid_price,profit_and_loss
2,0,KELP,2044.0,28.0,0.0,0.0,0.0,0.0,2047,27,0.0,0.0,0.0,0.0,2045.5,0.0
2,100,KELP,2046.0,7.0,2045.0,4.0,2044.0,33.0,2047,30,0.0,0.0,0.0,0.0,2046.5,0.0
2,200,KELP,2044.0,20.0,0.0,0.0,0.0,0.0,2047,20,0.0,0.0,0.0,0.0,2045.5,3.982421875
2,300,KELP,2044.0,21.0,0.0,0.0,0.0,0.0,2047,21,0.0,0.0,0.0,0.0,2045.5,2.2109375
2,400,KELP,2044.0,38.0,0.0,0.0,0.0,0.0,2047,30,0.0,0.0,0.0,0.0,2045.5,2.6318359375
2,500,KELP,2045.0,6.0,2044.0,29.0,0.0,0.0,2047,22,0.0,0.0,0.0,0.0,2046.0,2.34765625
2,600,KELP,2044.0,29.0,0.0,0.0,0.0,0.0,2047,29,0.0,0.0,0.0,0.0,2045.5,3.1279296875
2,700,KELP,2045.0,4.0,2044.0,30.0,0.0,0.0,2047,30,0.0,0.0,0.0,0.0,2046.0,4.6357421875
2,800,KELP,2043.0,28.0,0.0,0.0,0.0,0.0,2044,1,2047.0,28.0,0.0,0.0,2043.5,6.7099609375
2,900,KELP,2043.0,25.0,0.0,0.0,0.0,0.0,2047,25,0.0,0.0,0.0,0.0,2045.0,7.6982421875
2,1000,KELP,2043.0,22.0,0.0,0.0,0.0,0.0,2047,22,0.0,0.0,0.0,0.0,2045.0,7.576171875
2,1100,KELP,2043.0,27.0,0.0,0.0,0.0,0.0,2045,4,2047.0,27.0,0.0,0.0,2044.0,8.115234375
2,1200,KELP,2043.0,24.0,0.0,0.0,0.0,0.0,2047,24,0.0,0.0,0.0,0.0,2045.0,8.183349609375
2,1300,KELP,2043.0,30.0,0.0,0.0,0.0,0.0,2047,31,0.0,0.0,0.0,0.0,2045.0,8.24169921875
2,1400,KELP,2043.0,24.0,0.0,0.0,0.0,0.0,2044,2,2047.0,24.0,0.0,0.0,2043.5,10.0
2,1500,KELP,2043.0,21.0,0.0,0.0,0.0,0.0,2044,1,2047.0,21.0,0.0,0.0,2043.5,12.197265625
2,1600,KELP,2043.0,28.0,0.0,0.0,0.0,0.0,2047,28,0.0,0.0,0.0,0.0,2045.0,12.5478515625
2,1700,KELP,2043.0,25.0,0.0,0.0,0.0,0.0,2047,25,0.0,0.0,0.0,0.0,2045.0,12.79248046875
2,1800,KELP,2045.0,2.0,2043.0,28.0,0.0,0.0,2047,28,0.0,0.0,0.0,0.0,2046.0,12.79248046875
2,1900,KELP,2043.0,28.0,0.0,0.0,0.0,0.0,2047,28,0.0,0.0,0.0,0.0,2045.0,21.5546875
2,2000,KELP,2043.0,30.0,0.0,0.0,0.0,0.0,2047,30,0.0,0.0,0.0,0.0,2045.0,21.453125
2,2100,KELP,2043.0,29.0,0.0,0.0,0.0,0.0,2047,29,0.0,0.0,0.0,0.0,2045.0,21.82421875
2,2200,KELP,2044.0,29.0,0.0,0.0,0.0,0.0,2047,29,0.0,0.0,0.0,0.0,2045.5,23.279296875
2,2300,KELP,2044.0,22.0,0.0,0.0,0.0,0.0,2047,22,0.0,0.0,0.0,0.0,2045.5,23.6484375
2,2400,KELP,2044.0,25.0,0.0,0.0,0.0,0.0,2047,25,0.0,0.0,0.0,0.0,2045.5,25.107421875
2,2500,KELP,2044.0,31.0,0.0,0.0,0.0,0.0,2047,29,0.0,0.0,0.0,0.0,2045.5,24.2109375
2,2600,KELP,2043.0,24.0,0.0,0.0,0.0,0.0,2044,1,2045.0,7.0,2047.0,24.0,2043.5,21.5703125
2,2700,KELP,2044.0,4.0,2043.0,26.0,0.0,0.0,2047,28,0.0,0.0,0.0,0.0,2045.5,32.83203125
2,2800,KELP,2044.0,32.0,0.0,0.0,0.0,0.0,2047,32,0.0,0.0,0.0,0.0,2045.5,33.6875
2,2900,KELP,2043.0,31.0,0.0,0.0,0.0,0.0,2047,31,0.0,0.0,0.0,0.0,2045.0,29.8515625
2,3000,KELP,2044.0,1.0,2043.0,29.0,0.0,0.0,2047,31,0.0,0.0,0.0,0.0,2045.5,31.89453125
2,3100,KELP,2044.0,6.0,2043.0,26.0,0.0,0.0,2047,28,0.0,0.0,0.0,0.0,2045.5,31.2421875
2,3200,KELP,2043.0,23.0,0.0,0.0,0.0,0.0,2044,5,2047.0,23.0,0.0,0.0,2043.5,30.171875
2,3300,KELP,2046.0,1.0,2043.0,27.0,0.0,0.0,2047,27,0.0,0.0,0.0,0.0,2046.5,34.84765625
2,3400,KELP,2044.0,7.0,2043.0,27.0,0.0,0.0,2047,27,0.0,0.0,0.0,0.0,2045.5,34.9609375
2,3500,KELP,2043.0,29.0,0.0,0.0,0.0,0.0,2045,3,2047.0,29.0,0.0,0.0,2044.0,34.1015625
2,3600,KELP,2043.0,25.0,0.0,0.0,0.0,0.0,2045,3,2047.0,25.0,0.0,0.0,2044.0,34.34375
2,3700,KELP,2044.0,2.0,2043.0,20.0,0.0,0.0,2047,20,0.0,0.0,0.0,0.0,2045.5,32.3984375
2,3800,KELP,2043.0,24.0,0.0,0.0,0.0,0.0,2047,24,0.0,0.0,0.0,0.0,2045.0,32.13671875
2,3900,KELP,2043.0,26.0,0.0,0.0,0.0,0.0,2044,1,2047.0,26.0,0.0,0.0,2043.5,35.11328125
2,4000,KELP,2044.0,23.0,0.0,0.0,0.0,0.0,2047,23,0.0,0.0,0.0,0.0,2045.5,44.28125
2,4100,KELP,2045.0,1.0,2044.0,26.0,0.0,0.0,2046,8,2047.0,26.0,0.0,0.0,2045.5,45.33984375
2,4200,KELP,2044.0,29.0,0.0,0.0,0.0,0.0,2047,29,0.0,0.0,0.0,0.0,2045.5,52.48046875
2,4300,KELP,2044.0,22.0,0.0,0.0,0.0,0.0,2046,8,2047.0,22.0,0.0,0.0,2045.0,53.015625
2,4400,KELP,2044.0,26.0,0.0,0.0,0.0,0.0,2047,26,0.0,0.0,0.0,0.0,2045.5,53.66796875
2,4500,KELP,2044.0,25.0,0.0,0.0,0.0,0.0,2047,26,0.0,0.0,0.0,0.0,2045.5,49.85546875
2,4600,KELP,2044.0,23.0,0.0,0.0,0.0,0.0,2047,23,0.0,0.0,0.0,0.0,2045.5,48.01171875
2,4700,KELP,2044.0,5.0,2043.0,29.0,0.0,0.0,2047,29,0.0,0.0,0.0,0.0,2045.5,40.33984375
2,4800,KELP,2044.0,27.0,0.0,0.0,0.0,0.0,2047,27,0.0,0.0,0.0,0.0,2045.5,45.9921875
2,4900,KELP,2044.0,2.0,2043.0,25.0,0.0,0.0,2047,27,0.0,0.0,0.0,0.0,2045.5,44.109375
2,5000,KELP,2046.0,1.0,2044.0,32.0,0.0,0.0,2047,26,0.0,0.0,0.0,0.0,2046.5,45.10546875
2,5100,KELP,2044.0,16.0,0.0,0.0,0.0,0.0,2047,24,0.0,0.0,0.0,0.0,2045.5,49.82421875
2,5200,KELP,2045.0,5.0,2044.0,32.0,0.0,0.0,2047,30,0.0,0.0,0.0,0.0,2046.0,48.609375
2,5300,KELP,2044.0,23.0,0.0,0.0,0.0,0.0,2047,30,0.0,0.0,0.0,0.0,2045.5,48.0
2,5400,KELP,2044.0,25.0,0.0,0.0,0.0,0.0,2047,25,0.0,0.0,0.0,0.0,2045.5,48.53515625
2,5500,KELP,2044.0,30.0,0.0,0.0,0.0,0.0,2047,30,0.0,0.0,0.0,0.0,2045.5,52.57421875
2,5600,KELP,2044.0,31.0,0.0,0.0,0.0,0.0,2047,28,0.0,0.0,0.0,0.0,2045.5,53.2109375
2,5700,KELP,2044.0,26.0,0.0,0.0,0.0,0.0,2047,26,0.0,0.0,0.0,0.0,2045.5,51.69921875
2,5800,KELP,2044.0,21.0,0.0,0.0,0.0,0.0,2047,21,0.0,0.0,0.0,0.0,2045.5,50.59375
2,5900,KELP,2044.0,30.0,0.0,0.0,0.0,0.0,2047,30,0.0,0.0,0.0,0.0,2045.5,50.26171875
2,6000,KELP,2044.0,28.0,0.0,0.0,0.0,0.0,2046,7,2047.0,28.0,0.0,0.0,2045.0,47.578125
2,6100,KELP,2044.0,27.0,0.0,0.0,0.0,0.0,2047,27,0.0,0.0,0.0,0.0,2045.5,49.25
2,6200,KELP,2044.0,23.0,0.0,0.0,0.0,0.0,2047,21,0.0,0.0,0.0,0.0,2045.5,51.5234375
2,6300,KELP,2044.0,32.0,0.0,0.0,0.0,0.0,2047,32,0.0,0.0,0.0,0.0,2045.5,52.4609375
2,6400,KELP,2044.0,23.0,0.0,0.0,0.0,0.0,2046,7,2047.0,24.0,0.0,0.0,2045.0,57.6640625
2,6500,KELP,2044.0,26.0,0.0,0.0,0.0,0.0,2047,26,0.0,0.0,0.0,0.0,2045.5,58.65625
2,6600,KELP,2044.0,27.0,0.0,0.0,0.0,0.0,2047,27,0.0,0.0,0.0,0.0,2045.5,64.734375
2,6700,KELP,2045.0,2.0,2044.0,22.0,0.0,0.0,2048,22,0.0,0.0,0.0,0.0,2046.5,75.2734375
2,6800,KELP,2046.0,5.0,2044.0,29.0,0.0,0.0,2047,29,0.0,0.0,0.0,0.0,2046.5,69.7265625
2,6900,KELP,2044.0,32.0,0.0,0.0,0.0,0.0,2047,32,0.0,0.0,0.0,0.0,2045.5,72.3671875
2,7000,KELP,2044.0,28.0,0.0,0.0,0.0,0.0,2047,28,0.0,0.0,0.0,0.0,2045.5,70.8515625
2,7100,KELP,2044.0,28.0,0.0,0.0,0.0,0.0,2046,2,2047.0,28.0,0.0,0.0,2045.0,67.78125
2,7200,KELP,2044.0,21.0,0.0,0.0,0.0,0.0,2046,3,2047.0,21.0,0.0,0.0,2045.0,60.046875
2,7300,KELP,2044.0,23.0,0.0,0.0,0.0,0.0,2047,23,0.0,0.0,0.0,0.0,2045.5,66.953125
2,7400,KELP,2044.0,23.0,0.0,0.0,0.0,0.0,2047,23,0.0,0.0,0.0,0.0,2045.5,65.828125
2,7500,KELP,2044.0,32.0,0.0,0.0,0.0,0.0,2045,5,2047.0,32.0,0.0,0.0,2044.5,64.609375
2,7600,KELP,2044.0,24.0,0.0,0.0,0.0,0.0,2047,24,0.0,0.0,0.0,0.0,2045.5,67.3125
2,7700,KELP,2044.0,22.0,0.0,0.0,0.0,0.0,2047,22,0.0,0.0,0.0,0.0,2045.5,69.5234375
2,7800,KELP,2044.0,25.0,0.0,0.0,0.0,0.0,2047,25,0.0,0.0,0.0,0.0,2045.5,66.9140625
2,7900,KELP,2044.0,31.0,0.0,0.0,0.0,0.0,2045,3,2046.0,1.0,2047.0,31.0,2044.5,65.140625
2,8000,KELP,2046.0,4.0,2045.0,3.0,2044.0,29.0,2047,29,0.0,0.0,0.0,0.0,2046.5,66.6796875
2,8100,KELP,2044.0,21.0,0.0,0.0,0.0,0.0,2047,22,0.0,0.0,0.0,0.0,2045.5,62.2734375
2,8200,KELP,2044.0,28.0,0.0,0.0,0.0,0.0,2047,1,2048.0,27.0,0.0,0.0,2045.5,81.7265625
2,8300,KELP,2045.0,5.0,2044.0,25.0,0.0,0.0,2048,25,0.0,0.0,0.0,0.0,2046.5,83.65625
2,8400,KELP,2044.0,33.0,0.0,0.0,0.0,0.0,2047,27,0.0,0.0,0.0,0.0,2045.5,78.421875
2,8500,KELP,2044.0,27.0,0.0,0.0,0.0,0.0,2047,27,0.0,0.0,0.0,0.0,2045.5,75.9375
2,8600,KELP,2044.0,31.0,0.0,0.0,0.0,0.0,2047,31,0.0,0.0,0.0,0.0,2045.5,75.59375
2,8700,KELP,2044.0,26.0,0.0,0.0,0.0,0.0,2047,26,0.0,0.0,0.0,0.0,2045.5,78.0390625
2,8800,KELP,2046.0,10.0,2044.0,31.0,0.0,0.0,2047,31,0.0,0.0,0.0,0.0,2046.5,74.640625
2,8900,KELP,2044.0,28.0,0.0,0.0,0.0,0.0,2047,28,0.0,0.0,0.0,0.0,2045.5,81.01171875
2,9000,KELP,2044.0,22.0,0.0,0.0,0.0,0.0,2047,22,0.0,0.0,0.0,0.0,2045.5,80.73046875
2,9100,KELP,2044.0,29.0,0.0,0.0,0.0,0.0,2047,30,0.0,0.0,0.0,0.0,2045.5,79.8046875
2,9200,KELP,2044.0,24.0,0.0,0.0,0.0,0.0,2047,24,0.0,0.0,0.0,0.0,2045.5,79.80859375
2,9300,KELP,2044.0,36.0,0.0,0.0,0.0,0.0,2047,31,0.0,0.0,0.0,0.0,2045.5,78.57421875
2,9400,KELP,2045.0,2.0,2044.0,28.0,0.0,0.0,2047,28,0.0,0.0,0.0,0.0,2046.0,79.125
2,9500,KELP,2044.0,25.0,0.0,0.0,0.0,0.0,2047,2,2048.0,23.0,0.0,0.0,2045.5,84.96484375
2,9600,KELP,2044.0,29.0,0.0,0.0,0.0,0.0,2045,3,2046.0,3.0,2048.0,30.0,2044.5,85.5625
2,9700,KELP,2044.0,21.0,0.0,0.0,0.0,0.0,2045,2,2047.0,2.0,2048.0,20.0,2044.5,86.7890625
2,9800,KELP,2044.0,23.0,0.0,0.0,0.0,0.0,2048,21,0.0,0.0,0.0,0.0,2046.0,88.0546875
2,9900,KELP,2044.0,22.0,0.0,0.0,0.0,0.0,2048,22,0.0,0.0,0.0,0.0,2046.0,90.9609375
2,10000,KELP,2044.0,24.0,0.0,0.0,0.0,0.0,2047,2,2048.0,22.0,0.0,0.0,2045.5,87.453125
2,10100,KELP,2044.0,23.0,0.0,0.0,0.0,0.0,2047,23,0.0,0.0,0.0,0.0,2045.5,86.7421875
2,10200,KELP,2044.0,31.0,0.0,0.0,0.0,0.0,2047,31,0.0,0.0,0.0,0.0,2045.5,80.046875
2,10300,KELP,2044.0,27.0,0.0,0.0,0.0,0.0,2047,27,0.0,0.0,0.0,0.0,2045.5,77.296875
2,10400,KELP,2044.0,27.0,0.0,0.0,0.0,0.0,2047,27,0.0,0.0,0.0,0.0,2045.5,76.21875
2,10500,KELP,2044.0,29.0,0.0,0.0,0.0,0.0,2047,29,0.0,0.0,0.0,0.0,2045.5,78.3828125
2,10600,KELP,2044.0,24.0,0.0,0.0,0.0,0.0,2047,24,0.0,0.0,0.0,0.0,2045.5,74.828125
2,10700,KELP,2044.0,22.0,0.0,0.0,0.0,0.0,2047,22,0.0,0.0,0.0,0.0,2045.5,75.921875
2,10800,KELP,2044.0,23.0,0.0,0.0,0.0,0.0,2046,1,2047.0,23.0,0.0,0.0,2045.0,77.015625
2,10900,KELP,2044.0,23.0,0.0,0.0,0.0,0.0,2047,27,0.0,0.0,0.0,0.0,2045.5,83.40625
2,11000,KELP,2044.0,22.0,0.0,0.0,0.0,0.0,2048,22,0.0,0.0,0.0,0.0,2046.0,92.83203125
2,11100,KELP,2044.0,28.0,0.0,0.0,0.0,0.0,2046,5,2047.0,2.0,2048.0,26.0,2045.0,91.13671875
2,11200,KELP,2044.0,28.0,0.0,0.0,0.0,0.0,2047,28,0.0,0.0,0.0,0.0,2045.5,87.37109375
2,11300,KELP,2044.0,26.0,0.0,0.0,0.0,0.0,2046,4,2047.0,26.0,0.0,0.0,2045.0,81.19140625
2,11400,KELP,2044.0,28.0,0.0,0.0,0.0,0.0,2045,2,2047.0,28.0,0.0,0.0,2044.5,82.36328125
2,11500,KELP,2044.0,27.0,0.0,0.0,0.0,0.0,2047,27,0.0,0.0,0.0,0.0,2045.5,84.44140625
2,11600,KELP,2044.0,27.0,0.0,0.0,0.0,0.0,2047,27,0.0,0.0,0.0,0.0,2045.5,82.53125
2,11700,KELP,2046.0,3.0,2044.0,23.0,0.0,0.0,2047,23,0.0,0.0,0.0,0.0,2046.5,80.65234375
2,11800,KELP,2044.0,30.0,0.0,0.0,0.0,0.0,2047,22,0.0,0.0,0.0,0.0,2045.5,80.27734375
2,11900,KELP,2045.0,5.0,2044.0,31.0,0.0,0.0,2047,30,0.0,0.0,0.0,0.0,2046.0,79.765625
2,12000,KELP,2044.0,24.0,0.0,0.0,0.0,0.0,2047,25,0.0,0.0,0.0,0.0,2045.5,80.33984375
2,12100,KELP,2044.0,27.0,0.0,0.0,0.0,0.0,2047,27,0.0,0.0,0.0,0.0,2045.5,80.01953125
2,12200,KELP,2044.0,22.0,0.0,0.0,0.0,0.0,2047,22,0.0,0.0,0.0,0.0,2045.5,82.67578125
2,12300,KELP,2044.0,25.0,0.0,0.0,0.0,0.0,2046,4,2047.0,25.0,0.0,0.0,2045.0,83.53515625
2,12400,KELP,2046.0,1.0,2044.0,30.0,0.0,0.0,2047,29,0.0,0.0,0.0,0.0,2046.5,84.3359375
2,12500,KELP,2046.0,3.0,2044.0,26.0,0.0,0.0,2047,26,0.0,0.0,0.0,0.0,2046.5,88.28515625
2,12600,KELP,2046.0,5.0,2044.0,25.0,0.0,0.0,2048,25,0.0,0.0,0.0,0.0,2047.0,97.9765625
2,12700,KELP,2044.0,19.0,0.0,0.0,0.0,0.0,2046,5,2048.0,20.0,0.0,0.0,2045.0,96.83984375
2,12800,KELP,2044.0,24.0,0.0,0.0,0.0,0.0,2046,3,2048.0,24.0,0.0,0.0,2045.0,95.296875
2,12900,KELP,2044.0,29.0,0.0,0.0,0.0,0.0,2046,8,2047.0,2.0,2048.0,27.0,2045.0,93.890625
2,13000,KELP,2044.0,27.0,0.0,0.0,0.0,0.0,2046,4,2047.0,1.0,2048.0,26.0,2045.0,94.64453125
2,13100,KELP,2044.0,26.0,0.0,0.0,0.0,0.0,2045,5,2047.0,1.0,2048.0,25.0,2044.5,93.85546875
2,13200,KELP,2044.0,37.0,0.0,0.0,0.0,0.0,2047,1,2048.0,30.0,0.0,0.0,2045.5,96.1640625
2,13300,KELP,2044.0,27.0,0.0,0.0,0.0,0.0,2048,28,0.0,0.0,0.0,0.0,2046.0,99.54296875
2,13400,KELP,2045.0,1.0,2044.0,22.0,0.0,0.0,2048,22,0.0,0.0,0.0,0.0,2046.5,101.40625
2,13500,KELP,2044.0,28.0,0.0,0.0,0.0,0.0,2048,28,0.0,0.0,0.0,0.0,2046.0,101.4375
2,13600,KELP,2044.0,22.0,0.0,0.0,0.0,0.0,2046,4,2048.0,22.0,0.0,0.0,2045.0,105.1953125
2,13700,KELP,2047.0,1.0,2045.0,31.0,0.0,0.0,2048,31,0.0,0.0,0.0,0.0,2047.5,118.39453125
2,13800,KELP,2045.0,28.0,0.0,0.0,0.0,0.0,2048,26,0.0,0.0,0.0,0.0,2046.5,118.23046875
2,13900,KELP,2046.0,4.0,2045.0,22.0,0.0,0.0,2048,22,0.0,0.0,0.0,0.0,2047.0,116.54296875
2,14000,KELP,2045.0,24.0,0.0,0.0,0.0,0.0,2048,23,0.0,0.0,0.0,0.0,2046.5,113.0078125
2,14100,KELP,2045.0,25.0,0.0,0.0,0.0,0.0,2047,7,2048.0,25.0,0.0,0.0,2046.0,115.08203125
2,14200,KELP,2045.0,26.0,0.0,0.0,0.0,0.0,2049,26,0.0,0.0,0.0,0.0,2047.0,129.14453125
2,14300,KELP,2046.0,6.0,2045.0,23.0,0.0,0.0,2048,1,2049.0,22.0,0.0,0.0,2047.0,125.4609375
2,14400,KELP,2045.0,27.0,0.0,0.0,0.0,0.0,2049,27,0.0,0.0,0.0,0.0,2047.0,130.3125
2,14500,KELP,2045.0,30.0,0.0,0.0,0.0,0.0,2047,5,2049.0,30.0,0.0,0.0,2046.0,130.59765625
2,14600,KELP,2045.0,28.0,0.0,0.0,0.0,0.0,2048,1,2049.0,27.0,0.0,0.0,2046.5,126.61328125
2,14700,KELP,2045.0,25.0,0.0,0.0,0.0,0.0,2048,25,0.0,0.0,0.0,0.0,2046.5,123.45703125
2,14800,KELP,2045.0,24.0,0.0,0.0,0.0,0.0,2048,1,2049.0,23.0,0.0,0.0,2046.5,126.3984375
2,14900,KELP,2045.0,22.0,0.0,0.0,0.0,0.0,2047,6,2049.0,22.0,0.0,0.0,2046.0,127.92578125
2,15000,KELP,2045.0,29.0,0.0,0.0,0.0,0.0,2048,30,0.0,0.0,0.0,0.0,2046.5,121.29296875
2,15100,KELP,2045.0,22.0,0.0,0.0,0.0,0.0,2048,22,0.0,0.0,0.0,0.0,2046.5,118.88671875
2,15200,KELP,2045.0,24.0,0.0,0.0,0.0,0.0,2047,2,2048.0,24.0,0.0,0.0,2046.0,116.21484375
2,15300,KELP,2045.0,26.0,0.0,0.0,0.0,0.0,2047,1,2048.0,26.0,0.0,0.0,2046.0,120.6328125
2,15400,KELP,2045.0,29.0,0.0,0.0,0.0,0.0,2048,29,0.0,0.0,0.0,0.0,2046.5,117.4140625
2,15500,KELP,2045.0,17.0,0.0,0.0,0.0,0.0,2048,27,0.0,0.0,0.0,0.0,2046.5,118.46484375
2,15600,KELP,2045.0,25.0,0.0,0.0,0.0,0.0,2048,1,2049.0,24.0,0.0,0.0,2046.5,124.890625
2,15700,KELP,2045.0,26.0,0.0,0.0,0.0,0.0,2048,26,0.0,0.0,0.0,0.0,2046.5,122.03125
2,15800,KELP,2045.0,29.0,0.0,0.0,0.0,0.0,2048,25,0.0,0.0,0.0,0.0,2046.5,120.17578125
2,15900,KELP,2045.0,25.0,0.0,0.0,0.0,0.0,2047,8,2048.0,25.0,0.0,0.0,2046.0,118.35546875
2,16000,KELP,2045.0,11.0,0.0,0.0,0.0,0.0,2048,20,0.0,0.0,0.0,0.0,2046.5,117.85546875
2,16100,KELP,2045.0,23.0,0.0,0.0,0.0,0.0,2048,23,0.0,0.0,0.0,0.0,2046.5,114.97265625
2,16200,KELP,2045.0,28.0,0.0,0.0,0.0,0.0,2047,1,2048.0,28.0,0.0,0.0,2046.0,112.58984375
2,16300,KELP,2045.0,25.0,0.0,0.0,0.0,0.0,2046,2,2048.0,25.0,0.0,0.0,2045.5,118.78515625
2,16400,KELP,2045.0,30.0,0.0,0.0,0.0,0.0,2047,7,2048.0,1.0,2049.0,29.0,2046.0,126.19921875
2,16500,KELP,2045.0,29.0,0.0,0.0,0.0,0.0,2049,29,0.0,0.0,0.0,0.0,2047.0,126.18359375
2,16600,KELP,2045.0,21.0,0.0,0.0,0.0,0.0,2048,21,0.0,0.0,0.0,0.0,2046.5,116.171875
2,16700,KELP,2045.0,26.0,0.0,0.0,0.0,0.0,2048,23,0.0,0.0,0.0,0.0,2046.5,121.83984375
2,16800,KELP,2047.0,4.0,2046.0,4.0,2045.0,23.0,2048,1,2049.0,22.0,0.0,0.0,2047.5,126.265625
2,16900,KELP,2045.0,24.0,0.0,0.0,0.0,0.0,2048,1,2049.0,23.0,0.0,0.0,2046.5,125.93359375
2,17000,KELP,2045.0,32.0,0.0,0.0,0.0,0.0,2049,32,0.0,0.0,0.0,0.0,2047.0,127.6484375
2,17100,KELP,2045.0,23.0,0.0,0.0,0.0,0.0,2048,23,0.0,0.0,0.0,0.0,2046.5,123.85546875
2,17200,KELP,2045.0,25.0,0.0,0.0,0.0,0.0,2046,6,2048.0,25.0,0.0,0.0,2045.5,122.375
2,17300,KELP,2045.0,28.0,0.0,0.0,0.0,0.0,2048,28,0.0,0.0,0.0,0.0,2046.5,129.0
2,17400,KELP,2045.0,22.0,0.0,0.0,0.0,0.0,2048,22,0.0,0.0,0.0,0.0,2046.5,127.0703125
2,17500,KELP,2047.0,1.0,2045.0,31.0,0.0,0.0,2048,31,0.0,0.0,0.0,0.0,2047.5,125.78515625
2,17600,KELP,2045.0,28.0,0.0,0.0,0.0,0.0,2048,28,0.0,0.0,0.0,0.0,2046.5,125.63671875
2,17700,KELP,2045.0,26.0,0.0,0.0,0.0,0.0,2048,23,0.0,0.0,0.0,0.0,2046.5,126.91796875
2,17800,KELP,2045.0,28.0,0.0,0.0,0.0,0.0,2047,6,2048.0,28.0,0.0,0.0,2046.0,124.1328125
2,17900,KELP,2045.0,28.0,0.0,0.0,0.0,0.0,2047,2,2048.0,28.0,0.0,0.0,2046.0,126.43359375
2,18000,KELP,2045.0,31.0,0.0,0.0,0.0,0.0,2048,31,0.0,0.0,0.0,0.0,2046.5,125.1875
2,18100,KELP,2045.0,28.0,0.0,0.0,0.0,0.0,2048,28,0.0,0.0,0.0,0.0,2046.5,122.515625
2,18200,KELP,2045.0,27.0,0.0,0.0,0.0,0.0,2047,7,2048.0,27.0,0.0,0.0,2046.0,123.8515625
2,18300,KELP,2047.0,1.0,2045.0,23.0,0.0,0.0,2048,23,0.0,0.0,0.0,0.0,2047.5,123.84765625
2,18400,KELP,2045.0,27.0,0.0,0.0,0.0,0.0,2048,27,0.0,0.0,0.0,0.0,2046.5,125.3671875
2,18500,KELP,2045.0,28.0,0.0,0.0,0.0,0.0,2048,28,0.0,0.0,0.0,0.0,2046.5,123.84375
2,18600,KELP,2045.0,27.0,0.0,0.0,0.0,0.0,2048,27,0.0,0.0,0.0,0.0,2046.5,124.30859375
2,18700,KELP,2045.0,23.0,0.0,0.0,0.0,0.0,2048,23,0.0,0.0,0.0,0.0,2046.5,122.08203125
2,18800,KELP,2045.0,22.0,0.0,0.0,0.0,0.0,2047,1,2048.0,22.0,0.0,0.0,2046.0,119.2890625
2,18900,KELP,2044.0,28.0,0.0,0.0,0.0,0.0,2048,28,0.0,0.0,0.0,0.0,2046.0,117.62109375
2,19000,KELP,2044.0,22.0,0.0,0.0,0.0,0.0,2048,22,0.0,0.0,0.0,0.0,2046.0,115.046875
2,19100,KELP,2045.0,1.0,2044.0,24.0,0.0,0.0,2048,25,0.0,0.0,0.0,0.0,2046.5,116.03125
2,19200,KELP,2044.0,21.0,0.0,0.0,0.0,0.0,2046,5,2048.0,21.0,0.0,0.0,2045.0,116.0546875
2,19300,KELP,2045.0,5.0,2044.0,26.0,0.0,0.0,2048,28,0.0,0.0,0.0,0.0,2046.5,116.59375
2,19400,KELP,2045.0,2.0,2044.0,28.0,0.0,0.0,2047,2,2048.0,30.0,0.0,0.0,2046.0,117.56640625
2,19500,KELP,2045.0,1.0,2044.0,27.0,0.0,0.0,2048,29,0.0,0.0,0.0,0.0,2046.5,117.578125
2,19600,KELP,2045.0,24.0,0.0,0.0,0.0,0.0,2048,23,0.0,0.0,0.0,0.0,2046.5,119.71484375
2,19700,KELP,2046.0,5.0,2044.0,30.0,0.0,0.0,2048,30,0.0,0.0,0.0,0.0,2047.0,118.51171875
2,19800,KELP,2045.0,25.0,0.0,0.0,0.0,0.0,2048,25,0.0,0.0,0.0,0.0,2046.5,118.9609375
2,19900,KELP,2045.0,22.0,0.0,0.0,0.0,0.0,2048,22,0.0,0.0,0.0,0.0,2046.5,120.43359375
2,20000,KELP,2045.0,31.0,0.0,0.0,0.0,0.0,2048,31,0.0,0.0,0.0,0.0,2046.5,121.45703125
2,20100,KELP,2046.0,6.0,2045.0,32.0,0.0,0.0,2048,32,0.0,0.0,0.0,0.0,2047.0,124.4296875
2,20200,KELP,2045.0,27.0,0.0,0.0,0.0,0.0,2048,27,0.0,0.0,0.0,0.0,2046.5,122.4375
2,20300,KELP,2045.0,29.0,0.0,0.0,0.0,0.0,2048,29,0.0,0.0,0.0,0.0,2046.5,116.3359375
2,20400,KELP,2045.0,32.0,0.0,0.0,0.0,0.0,2048,32,0.0,0.0,0.0,0.0,2046.5,121.796875
2,20500,KELP,2047.0,1.0,2045.0,25.0,0.0,0.0,2048,24,0.0,0.0,0.0,0.0,2047.5,123.00390625
2,20600,KELP,2045.0,26.0,0.0,0.0,0.0,0.0,2047,1,2048.0,27.0,0.0,0.0,2046.0,121.6171875
2,20700,KELP,2045.0,20.0,0.0,0.0,0.0,0.0,2048,20,0.0,0.0,0.0,0.0,2046.5,121.2109375
2,20800,KELP,2045.0,23.0,0.0,0.0,0.0,0.0,2048,23,0.0,0.0,0.0,0.0,2046.5,120.69921875
2,20900,KELP,2045.0,29.0,0.0,0.0,0.0,0.0,2048,29,0.0,0.0,0.0,0.0,2046.5,121.984375
2,21000,KELP,2045.0,31.0,0.0,0.0,0.0,0.0,2048,31,0.0,0.0,0.0,0.0,2046.5,125.45703125
2,21100,KELP,2045.0,23.0,0.0,0.0,0.0,0.0,2048,28,0.0,0.0,0.0,0.0,2046.5,126.2890625
2,21200,KELP,2045.0,31.0,0.0,0.0,0.0,0.0,2048,31,0.0,0.0,0.0,0.0,2046.5,127.859375
2,21300,KELP,2045.0,26.0,0.0,0.0,0.0,0.0,2048,26,0.0,0.0,0.0,0.0,2046.5,123.703125
2,21400,KELP,2045.0,21.0,0.0,0.0,0.0,0.0,2048,21,0.0,0.0,0.0,0.0,2046.5,126.03125
2,21500,KELP,2045.0,26.0,0.0,0.0,0.0,0.0,2048,27,0.0,0.0,0.0,0.0,2046.5,130.828125
2,21600,KELP,2045.0,30.0,0.0,0.0,0.0,0.0,2048,29,0.0,0.0,0.0,0.0,2046.5,126.484375
2,21700,KELP,2045.0,25.0,0.0,0.0,0.0,0.0,2048,25,0.0,0.0,0.0,0.0,2046.5,127.390625
2,21800,KELP,2045.0,22.0,0.0,0.0,0.0,0.0,2048,22,0.0,0.0,0.0,0.0,2046.5,125.34375
2,21900,KELP,2045.0,30.0,0.0,0.0,0.0,0.0,2047,2,2048.0,30.0,0.0,0.0,2046.0,128.578125
2,22000,KELP,2045.0,25.0,0.0,0.0,0.0,0.0,2048,25,0.0,0.0,0.0,0.0,2046.5,127.40625
2,22100,KELP,2045.0,27.0,0.0,0.0,0.0,0.0,2048,27,0.0,0.0,0.0,0.0,2046.5,132.533203125
2,22200,KELP,2045.0,22.0,0.0,0.0,0.0,0.0,2048,22,0.0,0.0,0.0,0.0,2046.5,134.1953125
2,22300,KELP,2045.0,29.0,0.0,0.0,0.0,0.0,2048,29,0.0,0.0,0.0,0.0,2046.5,138.29296875
2,22400,KELP,2045.0,26.0,0.0,0.0,0.0,0.0,2047,6,2048.0,26.0,0.0,0.0,2046.0,138.2861328125
2,22500,KELP,2045.0,34.0,0.0,0.0,0.0,0.0,2048,27,0.0,0.0,0.0,0.0,2046.5,142.0
2,22600,KELP,2045.0,34.0,0.0,0.0,0.0,0.0,2048,28,0.0,0.0,0.0,0.0,2046.5,142.0
2,22700,KELP,2045.0,30.0,0.0,0.0,0.0,0.0,2047,5,2048.0,30.0,0.0,0.0,2046.0,147.478515625
2,22800,KELP,2045.0,22.0,0.0,0.0,0.0,0.0,2048,22,0.0,0.0,0.0,0.0,2046.5,146.66796875
2,22900,KELP,2045.0,25.0,0.0,0.0,0.0,0.0,2048,25,0.0,0.0,0.0,0.0,2046.5,145.6484375
2,23000,KELP,2045.0,28.0,0.0,0.0,0.0,0.0,2047,5,2048.0,28.0,0.0,0.0,2046.0,145.08203125
2,23100,KELP,2045.0,22.0,0.0,0.0,0.0,0.0,2048,22,0.0,0.0,0.0,0.0,2046.5,146.0
2,23200,KELP,2045.0,27.0,0.0,0.0,0.0,0.0,2047,4,2048.0,27.0,0.0,0.0,2046.0,145.6015625
2,23300,KELP,2045.0,25.0,0.0,0.0,0.0,0.0,2048,1,2049.0,24.0,0.0,0.0,2046.5,143.755859375
2,23400,KELP,2045.0,27.0,0.0,0.0,0.0,0.0,2048,27,0.0,0.0,0.0,0.0,2046.5,145.9921875
2,23500,KELP,2045.0,23.0,0.0,0.0,0.0,0.0,2048,23,0.0,0.0,0.0,0.0,2046.5,144.86328125
2,23600,KELP,2045.0,24.0,0.0,0.0,0.0,0.0,2048,25,0.0,0.0,0.0,0.0,2046.5,145.44921875
2,23700,KELP,2045.0,28.0,0.0,0.0,0.0,0.0,2048,28,0.0,0.0,0.0,0.0,2046.5,146.03125
2,23800,KELP,2045.0,31.0,0.0,0.0,0.0,0.0,2048,31,0.0,0.0,0.0,0.0,2046.5,145.11328125
2,23900,KELP,2045.0,26.0,0.0,0.0,0.0,0.0,2048,26,0.0,0.0,0.0,0.0,2046.5,149.328125
2,24000,KELP,2045.0,30.0,0.0,0.0,0.0,0.0,2048,30,0.0,0.0,0.0,0.0,2046.5,149.87109375
2,24100,KELP,2045.0,32.0,0.0,0.0,0.0,0.0,2048,32,0.0,0.0,0.0,0.0,2046.5,150.14453125
2,24200,KELP,2045.0,29.0,0.0,0.0,0.0,0.0,2047,2,2049.0,29.0,0.0,0.0,2046.0,139.8515625
2,24300,KELP,2045.0,26.0,0.0,0.0,0.0,0.0,2049,26,0.0,0.0,0.0,0.0,2047.0,141.4375
2,24400,KELP,2046.0,25.0,0.0,0.0,0.0,0.0,2049,25,0.0,0.0,0.0,0.0,2047.5,135.046875
2,24500,KELP,2046.0,28.0,0.0,0.0,0.0,0.0,2048,4,2049.0,29.0,0.0,0.0,2047.0,135.30859375
2,24600,KELP,2046.0,30.0,0.0,0.0,0.0,0.0,2048,3,2049.0,30.0,0.0,0.0,2047.0,133.2890625
2,24700,KELP,2046.0,23.0,0.0,0.0,0.0,0.0,2049,23,0.0,0.0,0.0,0.0,2047.5,131.66796875
2,24800,KELP,2046.0,25.0,0.0,0.0,0.0,0.0,2049,25,0.0,0.0,0.0,0.0,2047.5,130.703125
2,24900,KELP,2046.0,29.0,0.0,0.0,0.0,0.0,2049,23,0.0,0.0,0.0,0.0,2047.5,129.9296875
2,25000,KELP,2046.0,26.0,0.0,0.0,0.0,0.0,2049,26,0.0,0.0,0.0,0.0,2047.5,128.861328125
2,25100,KELP,2046.0,30.0,0.0,0.0,0.0,0.0,2049,24,0.0,0.0,0.0,0.0,2047.5,130.818359375
2,25200,KELP,2046.0,20.0,0.0,0.0,0.0,0.0,2049,25,0.0,0.0,0.0,0.0,2047.5,129.822265625
2,25300,KELP,2046.0,30.0,0.0,0.0,0.0,0.0,2049,25,0.0,0.0,0.0,0.0,2047.5,128.50390625
2,25400,KELP,2046.0,26.0,0.0,0.0,0.0,0.0,2049,26,0.0,0.0,0.0,0.0,2047.5,129.5703125
2,25500,KELP,2046.0,24.0,0.0,0.0,0.0,0.0,2049,25,0.0,0.0,0.0,0.0,2047.5,129.169921875
2,25600,KELP,2046.0,29.0,0.0,0.0,0.0,0.0,2049,29,0.0,0.0,0.0,0.0,2047.5,131.8125
2,25700,KELP,2045.0,22.0,0.0,0.0,0.0,0.0,2049,22,0.0,0.0,0.0,0.0,2047.0,133.103515625
2,25800,KELP,2045.0,31.0,0.0,0.0,0.0,0.0,2049,31,0.0,0.0,0.0,0.0,2047.0,134.587890625
2,25900,KELP,2048.0,1.0,2045.0,31.0,0.0,0.0,2049,31,0.0,0.0,0.0,0.0,2048.5,136.31640625
2,26000,KELP,2046.0,23.0,0.0,0.0,0.0,0.0,2049,24,0.0,0.0,0.0,0.0,2047.5,133.90234375
2,26100,KELP,2046.0,1.0,2045.0,29.0,0.0,0.0,2049,29,0.0,0.0,0.0,0.0,2047.5,138.44140625
2,26200,KELP,2046.0,22.0,0.0,0.0,0.0,0.0,2049,22,0.0,0.0,0.0,0.0,2047.5,135.93359375
2,26300,KELP,2046.0,2.0,2045.0,23.0,0.0,0.0,2048,1,2049.0,25.0,0.0,0.0,2047.0,137.03515625
2,26400,KELP,2046.0,1.0,2045.0,22.0,0.0,0.0,2049,23,0.0,0.0,0.0,0.0,2047.5,136.35546875
2,26500,KELP,2046.0,2.0,2045.0,25.0,0.0,0.0,2049,27,0.0,0.0,0.0,0.0,2047.5,136.36328125
2,26600,KELP,2046.0,1.0,2045.0,24.0,0.0,0.0,2049,25,0.0,0.0,0.0,0.0,2047.5,137.37109375
2,26700,KELP,2045.0,25.0,0.0,0.0,0.0,0.0,2046,1,2049.0,25.0,0.0,0.0,2045.5,138.421875
2,26800,KELP,2046.0,2.0,2045.0,30.0,0.0,0.0,2049,30,0.0,0.0,0.0,0.0,2047.5,155.275390625
2,26900,KELP,2045.0,23.0,0.0,0.0,0.0,0.0,2049,23,0.0,0.0,0.0,0.0,2047.0,155.5390625
2,27000,KELP,2046.0,4.0,2045.0,24.0,0.0,0.0,2049,24,0.0,0.0,0.0,0.0,2047.5,155.4697265625
2,27100,KELP,2045.0,28.0,0.0,0.0,0.0,0.0,2047,4,2049.0,28.0,0.0,0.0,2046.0,155.484375
2,27200,KELP,2046.0,8.0,2045.0,25.0,0.0,0.0,2049,27,0.0,0.0,0.0,0.0,2047.5,155.56494140625
2,27300,KELP,2046.0,27.0,0.0,0.0,0.0,0.0,2048,3,2049.0,27.0,0.0,0.0,2047.0,160.466064453125
2,27400,KELP,2047.0,5.0,2046.0,27.0,0.0,0.0,2049,27,0.0,0.0,0.0,0.0,2048.0,158.2666015625
2,27500,KELP,2048.0,1.0,2046.0,30.0,0.0,0.0,2049,30,0.0,0.0,0.0,0.0,2048.5,158.2568359375
2,27600,KELP,2046.0,2.0,2045.0,28.0,0.0,0.0,2047,7,2049.0,30.0,0.0,0.0,2046.5,158.6396484375
2,27700,KELP,2045.0,28.0,0.0,0.0,0.0,0.0,2049,28,0.0,0.0,0.0,0.0,2047.0,159.69921875
2,27800,KELP,2046.0,6.0,2045.0,26.0,0.0,0.0,2049,26,0.0,0.0,0.0,0.0,2047.5,158.796875
2,27900,KELP,2045.0,29.0,0.0,0.0,0.0,0.0,2048,29,0.0,0.0,0.0,0.0,2046.5,155.265625
2,28000,KELP,2045.0,16.0,0.0,0.0,0.0,0.0,2048,25,0.0,0.0,0.0,0.0,2046.5,155.365234375
2,28100,KELP,2045.0,24.0,0.0,0.0,0.0,0.0,2048,2,2049.0,22.0,0.0,0.0,2046.5,156.140625
2,28200,KELP,2045.0,29.0,0.0,0.0,0.0,0.0,2049,29,0.0,0.0,0.0,0.0,2047.0,156.80859375
2,28300,KELP,2045.0,30.0,0.0,0.0,0.0,0.0,2049,30,0.0,0.0,0.0,0.0,2047.0,158.8046875
2,28400,KELP,2045.0,22.0,0.0,0.0,0.0,0.0,2047,7,2049.0,22.0,0.0,0.0,2046.0,158.32421875
2,28500,KELP,2045.0,22.0,0.0,0.0,0.0,0.0,2049,22,0.0,0.0,0.0,0.0,2047.0,158.7109375
2,28600,KELP,2045.0,24.0,0.0,0.0,0.0,0.0,2046,1,2047.0,5.0,2049.0,24.0,2045.5,156.90625
2,28700,KELP,2046.0,4.0,2045.0,26.0,0.0,0.0,2049,26,0.0,0.0,0.0,0.0,2047.5,160.97265625
2,28800,KELP,2045.0,21.0,0.0,0.0,0.0,0.0,2047,3,2049.0,21.0,0.0,0.0,2046.0,160.57421875
2,28900,KELP,2045.0,22.0,0.0,0.0,0.0,0.0,2047,2,2049.0,22.0,0.0,0.0,2046.0,159.93359375
2,29000,KELP,2045.0,26.0,0.0,0.0,0.0,0.0,2049,26,0.0,0.0,0.0,0.0,2047.0,158.58203125
2,29100,KELP,2045.0,25.0,0.0,0.0,0.0,0.0,2047,8,2048.0,1.0,2049.0,24.0,2046.0,154.4453125
2,29200,KELP,2045.0,22.0,0.0,0.0,0.0,0.0,2048,2,2049.0,20.0,0.0,0.0,2046.5,154.53125
2,29300,KELP,2045.0,29.0,0.0,0.0,0.0,0.0,2048,1,2049.0,28.0,0.0,0.0,2046.5,152.70703125
2,29400,KELP,2045.0,26.0,0.0,0.0,0.0,0.0,2047,1,2048.0,2.0,2049.0,24.0,2046.0,154.9609375
2,29500,KELP,2046.0,7.0,2045.0,24.0,0.0,0.0,2049,24,0.0,0.0,0.0,0.0,2047.5,155.9296875
2,29600,KELP,2045.0,24.0,0.0,0.0,0.0,0.0,2046,3,2048.0,1.0,2049.0,23.0,2045.5,153.91796875
2,29700,KELP,2045.0,27.0,0.0,0.0,0.0,0.0,2046,3,2047.0,5.0,2049.0,27.0,2045.5,155.0625
2,29800,KELP,2045.0,31.0,0.0,0.0,0.0,0.0,2048,31,0.0,0.0,0.0,0.0,2046.5,153.203125
2,29900,KELP,2045.0,32.0,0.0,0.0,0.0,0.0,2048,32,0.0,0.0,0.0,0.0,2046.5,150.3828125
2,30000,KELP,2045.0,34.0,0.0,0.0,0.0,0.0,2048,30,0.0,0.0,0.0,0.0,2046.5,152.25
2,30100,KELP,2045.0,27.0,0.0,0.0,0.0,0.0,2048,27,0.0,0.0,0.0,0.0,2046.5,151.78125
2,30200,KELP,2045.0,30.0,0.0,0.0,0.0,0.0,2047,7,2048.0,30.0,0.0,0.0,2046.0,152.5625
2,30300,KELP,2045.0,26.0,0.0,0.0,0.0,0.0,2049,26,0.0,0.0,0.0,0.0,2047.0,162.1953125
2,30400,KELP,2045.0,23.0,0.0,0.0,0.0,0.0,2048,1,2049.0,22.0,0.0,0.0,2046.5,160.03125
2,30500,KELP,2045.0,30.0,0.0,0.0,0.0,0.0,2046,1,2049.0,30.0,0.0,0.0,2045.5,180.6953125
2,30600,KELP,2045.0,29.0,0.0,0.0,0.0,0.0,2049,29,0.0,0.0,0.0,0.0,2047.0,180.1171875
2,30700,KELP,2048.0,1.0,2045.0,30.0,0.0,0.0,2049,30,0.0,0.0,0.0,0.0,2048.5,177.5390625
2,30800,KELP,2047.0,1.0,2046.0,3.0,2045.0,29.0,2049,29,0.0,0.0,0.0,0.0,2048.0,176.0
2,30900,KELP,2045.0,23.0,0.0,0.0,0.0,0.0,2049,23,0.0,0.0,0.0,0.0,2047.0,177.96875
2,31000,KELP,2045.0,24.0,0.0,0.0,0.0,0.0,2047,6,2049.0,24.0,0.0,0.0,2046.0,180.40625
2,31100,KELP,2045.0,29.0,0.0,0.0,0.0,0.0,2046,1,2049.0,29.0,0.0,0.0,2045.5,182.328125
2,31200,KELP,2045.0,22.0,0.0,0.0,0.0,0.0,2047,6,2049.0,22.0,0.0,0.0,2046.0,184.6015625
2,31300,KELP,2046.0,2.0,2045.0,27.0,0.0,0.0,2049,29,0.0,0.0,0.0,0.0,2047.5,189.0234375
2,31400,KELP,2046.0,26.0,0.0,0.0,0.0,0.0,2048,2,2049.0,27.0,0.0,0.0,2047.0,196.65625
2,31500,KELP,2048.0,1.0,2046.0,25.0,0.0,0.0,2049,25,0.0,0.0,0.0,0.0,2048.5,199.7578125
2,31600,KELP,2046.0,26.0,0.0,0.0,0.0,0.0,2049,26,0.0,0.0,0.0,0.0,2047.5,214.484375
2,31700,KELP,2046.0,21.0,0.0,0.0,0.0,0.0,2048,8,2049.0,21.0,0.0,0.0,2047.0,211.234375
2,31800,KELP,2046.0,31.0,0.0,0.0,0.0,0.0,2048,3,2049.0,31.0,0.0,0.0,2047.0,192.25
2,31900,KELP,2046.0,28.0,0.0,0.0,0.0,0.0,2049,28,0.0,0.0,0.0,0.0,2047.5,202.015625
2,32000,KELP,2046.0,29.0,0.0,0.0,0.0,0.0,2048,8,2049.0,29.0,0.0,0.0,2047.0,214.265625
2,32100,KELP,2047.0,1.0,2046.0,27.0,0.0,0.0,2049,2,2050.0,25.0,0.0,0.0,2048.0,219.5546875
2,32200,KELP,2046.0,30.0,0.0,0.0,0.0,0.0,2050,30,0.0,0.0,0.0,0.0,2048.0,223.515625
2,32300,KELP,2046.0,20.0,0.0,0.0,0.0,0.0,2050,20,0.0,0.0,0.0,0.0,2048.0,220.5859375
2,32400,KELP,2047.0,2.0,2046.0,30.0,0.0,0.0,2050,30,0.0,0.0,0.0,0.0,2048.5,225.203125
2,32500,KELP,2046.0,31.0,0.0,0.0,0.0,0.0,2049,31,0.0,0.0,0.0,0.0,2047.5,214.234375
2,32600,KELP,2047.0,4.0,2046.0,21.0,0.0,0.0,2050,21,0.0,0.0,0.0,0.0,2048.5,222.3984375
2,32700,KELP,2047.0,24.0,0.0,0.0,0.0,0.0,2050,24,0.0,0.0,0.0,0.0,2048.5,241.9609375
2,32800,KELP,2047.0,30.0,0.0,0.0,0.0,0.0,2050,30,0.0,0.0,0.0,0.0,2048.5,240.7109375
2,32900,KELP,2047.0,29.0,0.0,0.0,0.0,0.0,2049,8,2050.0,29.0,0.0,0.0,2048.0,240.6796875
2,33000,KELP,2047.0,4.0,2046.0,27.0,0.0,0.0,2050,27,0.0,0.0,0.0,0.0,2048.5,227.7734375
2,33100,KELP,2048.0,1.0,2046.0,24.0,0.0,0.0,2050,24,0.0,0.0,0.0,0.0,2049.0,225.984375
2,33200,KELP,2049.0,1.0,2046.0,28.0,0.0,0.0,2050,28,0.0,0.0,0.0,0.0,2049.5,227.84375
2,33300,KELP,2046.0,30.0,0.0,0.0,0.0,0.0,2048,5,2050.0,30.0,0.0,0.0,2047.0,231.1171875
2,33400,KELP,2047.0,1.0,2046.0,24.0,0.0,0.0,2050,25,0.0,0.0,0.0,0.0,2048.5,237.0078125
2,33500,KELP,2047.0,21.0,0.0,0.0,0.0,0.0,2049,4,2050.0,21.0,0.0,0.0,2048.0,251.3984375
2,33600,KELP,2047.0,28.0,0.0,0.0,0.0,0.0,2050,28,0.0,0.0,0.0,0.0,2048.5,257.8359375
2,33700,KELP,2047.0,32.0,0.0,0.0,0.0,0.0,2050,32,0.0,0.0,0.0,0.0,2048.5,246.8515625
2,33800,KELP,2047.0,30.0,0.0,0.0,0.0,0.0,2049,4,2050.0,30.0,0.0,0.0,2048.0,242.0390625
2,33900,KELP,2047.0,22.0,0.0,0.0,0.0,0.0,2050,22,0.0,0.0,0.0,0.0,2048.5,242.5703125
2,34000,KELP,2047.0,31.0,0.0,0.0,0.0,0.0,2050,31,0.0,0.0,0.0,0.0,2048.5,244.296875
2,34100,KELP,2047.0,29.0,0.0,0.0,0.0,0.0,2050,29,0.0,0.0,0.0,0.0,2048.5,251.9921875
2,34200,KELP,2047.0,23.0,0.0,0.0,0.0,0.0,2049,5,2050.0,23.0,0.0,0.0,2048.0,254.359375
2,34300,KELP,2047.0,24.0,0.0,0.0,0.0,0.0,2048,5,2050.0,25.0,0.0,0.0,2047.5,252.5546875
2,34400,KELP,2047.0,31.0,0.0,0.0,0.0,0.0,2050,31,0.0,0.0,0.0,0.0,2048.5,247.1171875
2,34500,KELP,2047.0,30.0,0.0,0.0,0.0,0.0,2050,30,0.0,0.0,0.0,0.0,2048.5,246.734375
2,34600,KELP,2047.0,22.0,0.0,0.0,0.0,0.0,2050,22,0.0,0.0,0.0,0.0,2048.5,242.2734375
2,34700,KELP,2047.0,25.0,0.0,0.0,0.0,0.0,2050,25,0.0,0.0,0.0,0.0,2048.5,244.9765625
2,34800,KELP,2047.0,35.0,0.0,0.0,0.0,0.0,2050,29,0.0,0.0,0.0,0.0,2048.5,243.9296875
2,34900,KELP,2047.0,22.0,0.0,0.0,0.0,0.0,2050,22,0.0,0.0,0.0,0.0,2048.5,244.8671875
2,35000,KELP,2047.0,25.0,0.0,0.0,0.0,0.0,2050,25,0.0,0.0,0.0,0.0,2048.5,243.90625
2,35100,KELP,2047.0,27.0,0.0,0.0,0.0,0.0,2050,27,0.0,0.0,0.0,0.0,2048.5,240.3046875
2,35200,KELP,2047.0,24.0,0.0,0.0,0.0,0.0,2050,24,0.0,0.0,0.0,0.0,2048.5,240.890625
2,35300,KELP,2047.0,34.0,0.0,0.0,0.0,0.0,2050,30,0.0,0.0,0.0,0.0,2048.5,253.5078125
2,35400,KELP,2046.0,28.0,0.0,0.0,0.0,0.0,2050,28,0.0,0.0,0.0,0.0,2048.0,237.5703125
2,35500,KELP,2046.0,23.0,0.0,0.0,0.0,0.0,2050,23,0.0,0.0,0.0,0.0,2048.0,239.578125
2,35600,KELP,2046.0,30.0,0.0,0.0,0.0,0.0,2048,2,2050.0,30.0,0.0,0.0,2047.0,240.1875
2,35700,KELP,2046.0,25.0,0.0,0.0,0.0,0.0,2048,1,2050.0,25.0,0.0,0.0,2047.0,238.6015625
2,35800,KELP,2049.0,1.0,2046.0,21.0,0.0,0.0,2050,21,0.0,0.0,0.0,0.0,2049.5,237.953125
2,35900,KELP,2046.0,31.0,0.0,0.0,0.0,0.0,2050,31,0.0,0.0,0.0,0.0,2048.0,233.796875
2,36000,KELP,2046.0,26.0,0.0,0.0,0.0,0.0,2047,2,2048.0,6.0,2050.0,26.0,2046.5,225.984375
2,36100,KELP,2047.0,6.0,2046.0,24.0,0.0,0.0,2050,24,0.0,0.0,0.0,0.0,2048.5,234.015625
2,36200,KELP,2047.0,1.0,2046.0,30.0,0.0,0.0,2050,30,0.0,0.0,0.0,0.0,2048.5,232.28125
2,36300,KELP,2046.0,28.0,0.0,0.0,0.0,0.0,2050,28,0.0,0.0,0.0,0.0,2048.0,231.0625
2,36400,KELP,2046.0,27.0,0.0,0.0,0.0,0.0,2048,3,2050.0,27.0,0.0,0.0,2047.0,233.5859375
2,36500,KELP,2046.0,24.0,0.0,0.0,0.0,0.0,2050,24,0.0,0.0,0.0,0.0,2048.0,234.8125
2,36600,KELP,2046.0,22.0,0.0,0.0,0.0,0.0,2047,3,2050.0,22.0,0.0,0.0,2046.5,232.859375
2,36700,KELP,2046.0,30.0,0.0,0.0,0.0,0.0,2049,1,2050.0,29.0,0.0,0.0,2047.5,226.78125
2,36800,KELP,2046.0,29.0,0.0,0.0,0.0,0.0,2050,29,0.0,0.0,0.0,0.0,2048.0,235.6328125
2,36900,KELP,2047.0,7.0,2046.0,27.0,0.0,0.0,2050,27,0.0,0.0,0.0,0.0,2048.5,235.734375
2,37000,KELP,2046.0,27.0,0.0,0.0,0.0,0.0,2050,27,0.0,0.0,0.0,0.0,2048.0,233.15625
2,37100,KELP,2048.0,4.0,2046.0,26.0,0.0,0.0,2050,26,0.0,0.0,0.0,0.0,2049.0,233.7421875
2,37200,KELP,2048.0,9.0,2047.0,3.0,2046.0,27.0,2050,27,0.0,0.0,0.0,0.0,2049.0,229.1796875
2,37300,KELP,2046.0,25.0,0.0,0.0,0.0,0.0,2049,25,0.0,0.0,0.0,0.0,2047.5,224.546875
2,37400,KELP,2046.0,22.0,0.0,0.0,0.0,0.0,2049,22,0.0,0.0,0.0,0.0,2047.5,226.34375
2,37500,KELP,2048.0,2.0,2046.0,27.0,0.0,0.0,2049,27,0.0,0.0,0.0,0.0,2048.5,226.1953125
2,37600,KELP,2046.0,24.0,0.0,0.0,0.0,0.0,2047,5,2050.0,24.0,0.0,0.0,2046.5,234.1484375
2,37700,KELP,2046.0,25.0,0.0,0.0,0.0,0.0,2050,25,0.0,0.0,0.0,0.0,2048.0,239.765625
2,37800,KELP,2048.0,1.0,2047.0,6.0,2046.0,32.0,2049,2,2050.0,30.0,0.0,0.0,2048.5,234.8984375
2,37900,KELP,2048.0,1.0,2046.0,28.0,0.0,0.0,2050,28,0.0,0.0,0.0,0.0,2049.0,232.265625
2,38000,KELP,2046.0,33.0,0.0,0.0,0.0,0.0,2049,31,0.0,0.0,0.0,0.0,2047.5,232.0625
2,38100,KELP,2046.0,37.0,0.0,0.0,0.0,0.0,2049,29,0.0,0.0,0.0,0.0,2047.5,230.203125
2,38200,KELP,2046.0,29.0,0.0,0.0,0.0,0.0,2049,26,0.0,0.0,0.0,0.0,2047.5,228.1875
2,38300,KELP,2048.0,1.0,2046.0,21.0,0.0,0.0,2049,21,0.0,0.0,0.0,0.0,2048.5,229.5625
2,38400,KELP,2046.0,25.0,0.0,0.0,0.0,0.0,2049,25,0.0,0.0,0.0,0.0,2047.5,224.671875
2,38500,KELP,2046.0,22.0,0.0,0.0,0.0,0.0,2049,22,0.0,0.0,0.0,0.0,2047.5,229.51171875
2,38600,KELP,2046.0,29.0,0.0,0.0,0.0,0.0,2049,29,0.0,0.0,0.0,0.0,2047.5,228.7890625
2,38700,KELP,2046.0,28.0,0.0,0.0,0.0,0.0,2049,28,0.0,0.0,0.0,0.0,2047.5,224.77734375
2,38800,KELP,2046.0,31.0,0.0,0.0,0.0,0.0,2049,31,0.0,0.0,0.0,0.0,2047.5,226.4296875
2,38900,KELP,2046.0,30.0,0.0,0.0,0.0,0.0,2049,30,0.0,0.0,0.0,0.0,2047.5,224.1640625
2,39000,KELP,2046.0,21.0,0.0,0.0,0.0,0.0,2049,26,0.0,0.0,0.0,0.0,2047.5,224.28515625
2,39100,KELP,2045.0,30.0,0.0,0.0,0.0,0.0,2049,30,0.0,0.0,0.0,0.0,2047.0,220.015625
2,39200,KELP,2045.0,29.0,0.0,0.0,0.0,0.0,2046,5,2049.0,30.0,0.0,0.0,2045.5,218.3984375
2,39300,KELP,2048.0,1.0,2045.0,29.0,0.0,0.0,2049,29,0.0,0.0,0.0,0.0,2048.5,231.375
2,39400,KELP,2045.0,21.0,0.0,0.0,0.0,0.0,2049,21,0.0,0.0,0.0,0.0,2047.0,232.96484375
2,39500,KELP,2048.0,7.0,2046.0,20.0,0.0,0.0,2049,20,0.0,0.0,0.0,0.0,2048.5,235.79296875
2,39600,KELP,2046.0,27.0,0.0,0.0,0.0,0.0,2049,27,0.0,0.0,0.0,0.0,2047.5,240.853515625
2,39700,KELP,2046.0,18.0,0.0,0.0,0.0,0.0,2049,22,0.0,0.0,0.0,0.0,2047.5,240.603515625
2,39800,KELP,2048.0,1.0,2045.0,27.0,0.0,0.0,2049,27,0.0,0.0,0.0,0.0,2048.5,239.59375
2,39900,KELP,2046.0,5.0,2045.0,22.0,0.0,0.0,2049,24,0.0,0.0,0.0,0.0,2047.5,240.544921875
2,40000,KELP,2046.0,25.0,0.0,0.0,0.0,0.0,2049,25,0.0,0.0,0.0,0.0,2047.5,242.109375
2,40100,KELP,2046.0,23.0,0.0,0.0,0.0,0.0,2049,23,0.0,0.0,0.0,0.0,2047.5,244.115234375
2,40200,KELP,2046.0,23.0,0.0,0.0,0.0,0.0,2048,5,2049.0,23.0,0.0,0.0,2047.0,244.6328125
2,40300,KELP,2046.0,22.0,0.0,0.0,0.0,0.0,2049,22,0.0,0.0,0.0,0.0,2047.5,242.17578125
2,40400,KELP,2046.0,27.0,0.0,0.0,0.0,0.0,2049,27,0.0,0.0,0.0,0.0,2047.5,242.69140625
2,40500,KELP,2046.0,26.0,0.0,0.0,0.0,0.0,2049,26,0.0,0.0,0.0,0.0,2047.5,243.8984375
2,40600,KELP,2046.0,22.0,0.0,0.0,0.0,0.0,2047,1,2050.0,22.0,0.0,0.0,2046.5,251.5
2,40700,KELP,2047.0,3.0,2046.0,29.0,0.0,0.0,2050,29,0.0,0.0,0.0,0.0,2048.5,250.87890625
2,40800,KELP,2046.0,28.0,0.0,0.0,0.0,0.0,2050,29,0.0,0.0,0.0,0.0,2048.0,251.078125
2,40900,KELP,2046.0,28.0,0.0,0.0,0.0,0.0,2050,21,0.0,0.0,0.0,0.0,2048.0,248.53125
2,41000,KELP,2047.0,6.0,2046.0,25.0,0.0,0.0,2050,25,0.0,0.0,0.0,0.0,2048.5,249.9921875
2,41100,KELP,2048.0,1.0,2046.0,22.0,0.0,0.0,2050,22,0.0,0.0,0.0,0.0,2049.0,250.890625
2,41200,KELP,2046.0,22.0,0.0,0.0,0.0,0.0,2049,22,0.0,0.0,0.0,0.0,2047.5,248.06640625
2,41300,KELP,2048.0,1.0,2046.0,23.0,0.0,0.0,2049,23,0.0,0.0,0.0,0.0,2048.5,244.609375
2,41400,KELP,2046.0,32.0,0.0,0.0,0.0,0.0,2049,32,0.0,0.0,0.0,0.0,2047.5,244.53125
2,41500,KELP,2046.0,31.0,0.0,0.0,0.0,0.0,2049,31,0.0,0.0,0.0,0.0,2047.5,243.88671875
2,41600,KELP,2048.0,1.0,2046.0,28.0,0.0,0.0,2049,28,0.0,0.0,0.0,0.0,2048.5,240.60546875
2,41700,KELP,2046.0,1.0,2045.0,27.0,0.0,0.0,2049,28,0.0,0.0,0.0,0.0,2047.5,239.203125
2,41800,KELP,2046.0,28.0,0.0,0.0,0.0,0.0,2049,28,0.0,0.0,0.0,0.0,2047.5,240.6171875
2,41900,KELP,2046.0,28.0,0.0,0.0,0.0,0.0,2048,4,2049.0,28.0,0.0,0.0,2047.0,241.70703125
2,42000,KELP,2046.0,29.0,0.0,0.0,0.0,0.0,2049,29,0.0,0.0,0.0,0.0,2047.5,238.23828125
2,42100,KELP,2046.0,25.0,0.0,0.0,0.0,0.0,2049,25,0.0,0.0,0.0,0.0,2047.5,238.23046875
2,42200,KELP,2046.0,28.0,0.0,0.0,0.0,0.0,2049,29,0.0,0.0,0.0,0.0,2047.5,238.41796875
2,42300,KELP,2045.0,28.0,0.0,0.0,0.0,0.0,2049,28,0.0,0.0,0.0,0.0,2047.0,236.90625
2,42400,KELP,2046.0,21.0,0.0,0.0,0.0,0.0,2048,7,2049.0,21.0,0.0,0.0,2047.0,237.671875
2,42500,KELP,2046.0,30.0,0.0,0.0,0.0,0.0,2049,30,0.0,0.0,0.0,0.0,2047.5,233.296875
2,42600,KELP,2046.0,20.0,0.0,0.0,0.0,0.0,2049,21,0.0,0.0,0.0,0.0,2047.5,234.078125
2,42700,KELP,2046.0,28.0,0.0,0.0,0.0,0.0,2049,28,0.0,0.0,0.0,0.0,2047.5,233.35546875
2,42800,KELP,2046.0,27.0,0.0,0.0,0.0,0.0,2049,30,0.0,0.0,0.0,0.0,2047.5,236.0
2,42900,KELP,2046.0,24.0,0.0,0.0,0.0,0.0,2049,24,0.0,0.0,0.0,0.0,2047.5,238.6328125
2,43000,KELP,2046.0,23.0,0.0,0.0,0.0,0.0,2048,4,2049.0,23.0,0.0,0.0,2047.0,238.23046875
2,43100,KELP,2046.0,27.0,0.0,0.0,0.0,0.0,2049,25,0.0,0.0,0.0,0.0,2047.5,235.5703125
2,43200,KELP,2046.0,26.0,0.0,0.0,0.0,0.0,2048,5,2049.0,26.0,0.0,0.0,2047.0,234.28125
2,43300,KELP,2046.0,36.0,0.0,0.0,0.0,0.0,2049,29,0.0,0.0,0.0,0.0,2047.5,234.53515625
2,43400,KELP,2046.0,24.0,0.0,0.0,0.0,0.0,2049,24,0.0,0.0,0.0,0.0,2047.5,235.90625
2,43500,KELP,2046.0,24.0,0.0,0.0,0.0,0.0,2048,2,2049.0,24.0,0.0,0.0,2047.0,238.25390625
2,43600,KELP,2046.0,28.0,0.0,0.0,0.0,0.0,2048,6,2049.0,28.0,0.0,0.0,2047.0,238.5703125
2,43700,KELP,2048.0,4.0,2046.0,22.0,0.0,0.0,2049,22,0.0,0.0,0.0,0.0,2048.5,242.51171875
2,43800,KELP,2046.0,27.0,0.0,0.0,0.0,0.0,2049,28,0.0,0.0,0.0,0.0,2047.5,245.380859375
2,43900,KELP,2046.0,23.0,0.0,0.0,0.0,0.0,2048,4,2049.0,23.0,0.0,0.0,2047.0,244.88671875
2,44000,KELP,2046.0,27.0,0.0,0.0,0.0,0.0,2047,5,2049.0,24.0,0.0,0.0,2046.5,242.72265625
2,44100,KELP,2046.0,24.0,0.0,0.0,0.0,0.0,2049,24,0.0,0.0,0.0,0.0,2047.5,244.54296875
2,44200,KELP,2048.0,1.0,2046.0,28.0,0.0,0.0,2049,28,0.0,0.0,0.0,0.0,2048.5,243.41015625
2,44300,KELP,2046.0,24.0,0.0,0.0,0.0,0.0,2049,24,0.0,0.0,0.0,0.0,2047.5,244.01953125
2,44400,KELP,2046.0,25.0,0.0,0.0,0.0,0.0,2048,1,2049.0,25.0,0.0,0.0,2047.0,241.6796875
2,44500,KELP,2046.0,1.0,2045.0,23.0,0.0,0.0,2049,24,0.0,0.0,0.0,0.0,2047.5,239.78515625
2,44600,KELP,2048.0,1.0,2045.0,26.0,0.0,0.0,2049,26,0.0,0.0,0.0,0.0,2048.5,239.54296875
2,44700,KELP,2046.0,2.0,2045.0,30.0,0.0,0.0,2049,32,0.0,0.0,0.0,0.0,2047.5,240.3671875
2,44800,KELP,2046.0,2.0,2045.0,27.0,0.0,0.0,2049,29,0.0,0.0,0.0,0.0,2047.5,240.79296875
2,44900,KELP,2046.0,2.0,2045.0,30.0,0.0,0.0,2049,32,0.0,0.0,0.0,0.0,2047.5,240.34765625
2,45000,KELP,2046.0,22.0,0.0,0.0,0.0,0.0,2049,22,0.0,0.0,0.0,0.0,2047.5,241.61328125
2,45100,KELP,2046.0,1.0,2045.0,22.0,0.0,0.0,2049,23,0.0,0.0,0.0,0.0,2047.5,240.52734375
2,45200,KELP,2046.0,24.0,0.0,0.0,0.0,0.0,2049,24,0.0,0.0,0.0,0.0,2047.5,242.38671875
2,45300,KELP,2048.0,1.0,2046.0,25.0,0.0,0.0,2049,25,0.0,0.0,0.0,0.0,2048.5,241.4765625
2,45400,KELP,2047.0,3.0,2046.0,35.0,0.0,0.0,2049,32,0.0,0.0,0.0,0.0,2048.0,244.9140625
2,45500,KELP,2046.0,1.0,2045.0,27.0,0.0,0.0,2049,29,0.0,0.0,0.0,0.0,2047.5,242.9609375
2,45600,KELP,2048.0,1.0,2046.0,1.0,2045.0,24.0,2049,25,0.0,0.0,0.0,0.0,2048.5,243.17578125
2,45700,KELP,2046.0,1.0,2045.0,30.0,0.0,0.0,2049,31,0.0,0.0,0.0,0.0,2047.5,243.21875
2,45800,KELP,2047.0,3.0,2046.0,7.0,2045.0,29.0,2049,31,0.0,0.0,0.0,0.0,2048.0,243.98046875
2,45900,KELP,2046.0,5.0,2045.0,30.0,0.0,0.0,2049,32,0.0,0.0,0.0,0.0,2047.5,243.037109375
2,46000,KELP,2045.0,27.0,0.0,0.0,0.0,0.0,2049,27,0.0,0.0,0.0,0.0,2047.0,242.583984375
2,46100,KELP,2045.0,27.0,0.0,0.0,0.0,0.0,2049,27,0.0,0.0,0.0,0.0,2047.0,241.787109375
2,46200,KELP,2045.0,30.0,0.0,0.0,0.0,0.0,2049,30,0.0,0.0,0.0,0.0,2047.0,242.115234375
2,46300,KELP,2045.0,22.0,0.0,0.0,0.0,0.0,2049,22,0.0,0.0,0.0,0.0,2047.0,241.466796875
2,46400,KELP,2045.0,30.0,0.0,0.0,0.0,0.0,2049,30,0.0,0.0,0.0,0.0,2047.0,242.7578125
2,46500,KELP,2046.0,1.0,2045.0,26.0,0.0,0.0,2049,27,0.0,0.0,0.0,0.0,2047.5,243.376953125
2,46600,KELP,2048.0,1.0,2046.0,2.0,2045.0,30.0,2049,30,0.0,0.0,0.0,0.0,2048.5,241.76171875
2,46700,KELP,2045.0,27.0,0.0,0.0,0.0,0.0,2049,27,0.0,0.0,0.0,0.0,2047.0,242.5078125
2,46800,KELP,2045.0,21.0,0.0,0.0,0.0,0.0,2049,21,0.0,0.0,0.0,0.0,2047.0,241.732421875
2,46900,KELP,2045.0,25.0,0.0,0.0,0.0,0.0,2047,1,2049.0,25.0,0.0,0.0,2046.0,243.08203125
2,47000,KELP,2046.0,2.0,2045.0,27.0,0.0,0.0,2049,29,0.0,0.0,0.0,0.0,2047.5,243.90234375
2,47100,KELP,2045.0,26.0,0.0,0.0,0.0,0.0,2049,26,0.0,0.0,0.0,0.0,2047.0,244.552734375
2,47200,KELP,2046.0,27.0,0.0,0.0,0.0,0.0,2049,27,0.0,0.0,0.0,0.0,2047.5,244.82421875
2,47300,KELP,2046.0,29.0,0.0,0.0,0.0,0.0,2049,30,0.0,0.0,0.0,0.0,2047.5,245.00390625
2,47400,KELP,2046.0,37.0,0.0,0.0,0.0,0.0,2049,29,0.0,0.0,0.0,0.0,2047.5,245.48046875
2,47500,KELP,2046.0,26.0,0.0,0.0,0.0,0.0,2049,26,0.0,0.0,0.0,0.0,2047.5,257.6953125
2,47600,KELP,2046.0,24.0,0.0,0.0,0.0,0.0,2049,22,0.0,0.0,0.0,0.0,2047.5,257.908203125
2,47700,KELP,2046.0,8.0,2045.0,23.0,0.0,0.0,2049,25,0.0,0.0,0.0,0.0,2047.5,256.998046875
2,47800,KELP,2046.0,1.0,2045.0,25.0,0.0,0.0,2049,26,0.0,0.0,0.0,0.0,2047.5,256.39453125
2,47900,KELP,2045.0,29.0,0.0,0.0,0.0,0.0,2049,29,0.0,0.0,0.0,0.0,2047.0,255.162109375
2,48000,KELP,2046.0,2.0,2045.0,27.0,0.0,0.0,2047,5,2049.0,29.0,0.0,0.0,2046.5,265.0
2,48100,KELP,2046.0,23.0,0.0,0.0,0.0,0.0,2049,23,0.0,0.0,0.0,0.0,2047.5,270.646240234375
2,48200,KELP,2046.0,26.0,0.0,0.0,0.0,0.0,2049,26,0.0,0.0,0.0,0.0,2047.5,270.7552490234375
2,48300,KELP,2048.0,1.0,2046.0,8.0,2045.0,25.0,2049,26,0.0,0.0,0.0,0.0,2048.5,270.8035888671875
2,48400,KELP,2048.0,1.0,2046.0,24.0,0.0,0.0,2049,24,0.0,0.0,0.0,0.0,2048.5,271.339599609375
2,48500,KELP,2046.0,24.0,0.0,0.0,0.0,0.0,2049,24,0.0,0.0,0.0,0.0,2047.5,276.73828125
2,48600,KELP,2048.0,1.0,2046.0,29.0,0.0,0.0,2049,29,0.0,0.0,0.0,0.0,2048.5,276.6484375
2,48700,KELP,2046.0,28.0,0.0,0.0,0.0,0.0,2049,29,0.0,0.0,0.0,0.0,2047.5,280.3302001953125
2,48800,KELP,2048.0,1.0,2046.0,31.0,0.0,0.0,2049,31,0.0,0.0,0.0,0.0,2048.5,280.3758544921875
2,48900,KELP,2046.0,25.0,0.0,0.0,0.0,0.0,2049,25,0.0,0.0,0.0,0.0,2047.5,284.509765625
2,49000,KELP,2046.0,22.0,0.0,0.0,0.0,0.0,2049,22,0.0,0.0,0.0,0.0,2047.5,284.486328125
2,49100,KELP,2046.0,2.0,2045.0,23.0,0.0,0.0,2047,5,2049.0,25.0,0.0,0.0,2046.5,283.783203125
2,49200,KELP,2045.0,23.0,0.0,0.0,0.0,0.0,2049,23,0.0,0.0,0.0,0.0,2047.0,283.234375
2,49300,KELP,2046.0,4.0,2045.0,30.0,0.0,0.0,2049,32,0.0,0.0,0.0,0.0,2047.5,283.42578125
2,49400,KELP,2045.0,23.0,0.0,0.0,0.0,0.0,2049,23,0.0,0.0,0.0,0.0,2047.0,282.66015625
2,49500,KELP,2046.0,2.0,2045.0,22.0,0.0,0.0,2049,24,0.0,0.0,0.0,0.0,2047.5,283.44140625
2,49600,KELP,2045.0,27.0,0.0,0.0,0.0,0.0,2046,1,2047.0,5.0,2049.0,28.0,2045.5,283.4765625
2,49700,KELP,2045.0,22.0,0.0,0.0,0.0,0.0,2046,1,2049.0,22.0,0.0,0.0,2045.5,283.38671875
2,49800,KELP,2045.0,23.0,0.0,0.0,0.0,0.0,2047,5,2049.0,23.0,0.0,0.0,2046.0,284.66796875
2,49900,KELP,2048.0,1.0,2045.0,30.0,0.0,0.0,2049,30,0.0,0.0,0.0,0.0,2048.5,282.43359375
2,50000,KELP,2045.0,25.0,0.0,0.0,0.0,0.0,2047,1,2049.0,25.0,0.0,0.0,2046.0,285.46875
2,50100,KELP,2047.0,5.0,2045.0,26.0,0.0,0.0,2049,26,0.0,0.0,0.0,0.0,2048.0,286.296875
2,50200,KELP,2045.0,31.0,0.0,0.0,0.0,0.0,2049,31,0.0,0.0,0.0,0.0,2047.0,285.66015625
2,50300,KELP,2045.0,26.0,0.0,0.0,0.0,0.0,2049,26,0.0,0.0,0.0,0.0,2047.0,285.23828125
2,50400,KELP,2047.0,1.0,2045.0,27.0,0.0,0.0,2049,27,0.0,0.0,0.0,0.0,2048.0,282.87890625
2,50500,KELP,2046.0,4.0,2045.0,31.0,0.0,0.0,2049,31,0.0,0.0,0.0,0.0,2047.5,282.62890625
2,50600,KELP,2045.0,24.0,0.0,0.0,0.0,0.0,2046,2,2049.0,24.0,0.0,0.0,2045.5,283.8515625
2,50700,KELP,2046.0,2.0,2045.0,27.0,0.0,0.0,2049,28,0.0,0.0,0.0,0.0,2047.5,290.97265625
2,50800,KELP,2046.0,27.0,0.0,0.0,0.0,0.0,2049,22,0.0,0.0,0.0,0.0,2047.5,293.65625
2,50900,KELP,2046.0,30.0,0.0,0.0,0.0,0.0,2049,26,0.0,0.0,0.0,0.0,2047.5,293.87109375
2,51000,KELP,2048.0,1.0,2046.0,24.0,0.0,0.0,2049,24,0.0,0.0,0.0,0.0,2048.5,294.06640625
2,51100,KELP,2046.0,21.0,0.0,0.0,0.0,0.0,2048,6,2049.0,21.0,0.0,0.0,2047.0,293.6640625
2,51200,KELP,2046.0,22.0,0.0,0.0,0.0,0.0,2049,22,0.0,0.0,0.0,0.0,2047.5,287.34765625
2,51300,KELP,2045.0,27.0,0.0,0.0,0.0,0.0,2047,2,2049.0,27.0,0.0,0.0,2046.0,280.28125
2,51400,KELP,2045.0,26.0,0.0,0.0,0.0,0.0,2049,26,0.0,0.0,0.0,0.0,2047.0,283.83203125
2,51500,KELP,2046.0,1.0,2045.0,21.0,0.0,0.0,2049,22,0.0,0.0,0.0,0.0,2047.5,285.7265625
2,51600,KELP,2046.0,2.0,2045.0,26.0,0.0,0.0,2047,1,2049.0,28.0,0.0,0.0,2046.5,285.7421875
2,51700,KELP,2045.0,27.0,0.0,0.0,0.0,0.0,2049,27,0.0,0.0,0.0,0.0,2047.0,287.109375
2,51800,KELP,2045.0,22.0,0.0,0.0,0.0,0.0,2049,22,0.0,0.0,0.0,0.0,2047.0,286.84765625
2,51900,KELP,2046.0,28.0,0.0,0.0,0.0,0.0,2049,28,0.0,0.0,0.0,0.0,2047.5,290.16015625
2,52000,KELP,2046.0,23.0,0.0,0.0,0.0,0.0,2049,26,0.0,0.0,0.0,0.0,2047.5,291.359375
2,52100,KELP,2046.0,22.0,0.0,0.0,0.0,0.0,2049,22,0.0,0.0,0.0,0.0,2047.5,289.86328125
2,52200,KELP,2045.0,25.0,0.0,0.0,0.0,0.0,2047,5,2049.0,25.0,0.0,0.0,2046.0,286.34375
2,52300,KELP,2045.0,23.0,0.0,0.0,0.0,0.0,2048,1,2049.0,22.0,0.0,0.0,2046.5,279.234375
2,52400,KELP,2045.0,24.0,0.0,0.0,0.0,0.0,2046,3,2049.0,24.0,0.0,0.0,2045.5,280.375
2,52500,KELP,2045.0,23.0,0.0,0.0,0.0,0.0,2049,23,0.0,0.0,0.0,0.0,2047.0,289.98828125
2,52600,KELP,2048.0,1.0,2045.0,25.0,0.0,0.0,2049,25,0.0,0.0,0.0,0.0,2048.5,290.94140625
2,52700,KELP,2045.0,23.0,0.0,0.0,0.0,0.0,2049,23,0.0,0.0,0.0,0.0,2047.0,287.71875
2,52800,KELP,2045.0,24.0,0.0,0.0,0.0,0.0,2049,24,0.0,0.0,0.0,0.0,2047.0,287.70703125
2,52900,KELP,2045.0,26.0,0.0,0.0,0.0,0.0,2047,7,2049.0,26.0,0.0,0.0,2046.0,287.36328125
2,53000,KELP,2045.0,30.0,0.0,0.0,0.0,0.0,2049,30,0.0,0.0,0.0,0.0,2047.0,297.46875
2,53100,KELP,2045.0,29.0,0.0,0.0,0.0,0.0,2049,29,0.0,0.0,0.0,0.0,2047.0,297.8984375
2,53200,KELP,2045.0,27.0,0.0,0.0,0.0,0.0,2049,27,0.0,0.0,0.0,0.0,2047.0,299.140625
2,53300,KELP,2045.0,29.0,0.0,0.0,0.0,0.0,2049,29,0.0,0.0,0.0,0.0,2047.0,298.2890625
2,53400,KELP,2045.0,28.0,0.0,0.0,0.0,0.0,2049,28,0.0,0.0,0.0,0.0,2047.0,300.3359375
2,53500,KELP,2045.0,23.0,0.0,0.0,0.0,0.0,2047,5,2049.0,23.0,0.0,0.0,2046.0,299.4453125
2,53600,KELP,2046.0,7.0,2045.0,25.0,0.0,0.0,2049,25,0.0,0.0,0.0,0.0,2047.5,306.140625
2,53700,KELP,2046.0,1.0,2045.0,24.0,0.0,0.0,2049,25,0.0,0.0,0.0,0.0,2047.5,305.765625
2,53800,KELP,2046.0,3.0,2045.0,28.0,0.0,0.0,2049,28,0.0,0.0,0.0,0.0,2047.5,304.4609375
2,53900,KELP,2045.0,23.0,0.0,0.0,0.0,0.0,2046,6,2047.0,8.0,2049.0,23.0,2045.5,301.5234375
2,54000,KELP,2045.0,23.0,0.0,0.0,0.0,0.0,2047,3,2049.0,23.0,0.0,0.0,2046.0,307.265625
2,54100,KELP,2045.0,28.0,0.0,0.0,0.0,0.0,2049,28,0.0,0.0,0.0,0.0,2047.0,309.640625
2,54200,KELP,2045.0,30.0,0.0,0.0,0.0,0.0,2046,1,2049.0,30.0,0.0,0.0,2045.5,308.171875
2,54300,KELP,2048.0,1.0,2045.0,26.0,0.0,0.0,2049,26,0.0,0.0,0.0,0.0,2048.5,306.296875
2,54400,KELP,2047.0,1.0,2045.0,24.0,0.0,0.0,2049,24,0.0,0.0,0.0,0.0,2048.0,303.875
2,54500,KELP,2045.0,23.0,0.0,0.0,0.0,0.0,2049,23,0.0,0.0,0.0,0.0,2047.0,303.46875
2,54600,KELP,2045.0,23.0,0.0,0.0,0.0,0.0,2046,5,2049.0,23.0,0.0,0.0,2045.5,301.953125
2,54700,KELP,2046.0,2.0,2045.0,20.0,0.0,0.0,2049,22,0.0,0.0,0.0,0.0,2047.5,317.3125
2,54800,KELP,2046.0,1.0,2045.0,25.0,0.0,0.0,2049,26,0.0,0.0,0.0,0.0,2047.5,317.828125
2,54900,KELP,2046.0,25.0,0.0,0.0,0.0,0.0,2049,25,0.0,0.0,0.0,0.0,2047.5,321.3125
2,55000,KELP,2046.0,25.0,0.0,0.0,0.0,0.0,2049,25,0.0,0.0,0.0,0.0,2047.5,322.7734375
2,55100,KELP,2046.0,23.0,0.0,0.0,0.0,0.0,2049,23,0.0,0.0,0.0,0.0,2047.5,320.7265625
2,55200,KELP,2046.0,5.0,2045.0,24.0,0.0,0.0,2049,26,0.0,0.0,0.0,0.0,2047.5,318.6953125
2,55300,KELP,2045.0,28.0,0.0,0.0,0.0,0.0,2047,2,2049.0,28.0,0.0,0.0,2046.0,313.6015625
2,55400,KELP,2046.0,3.0,2045.0,29.0,0.0,0.0,2049,30,0.0,0.0,0.0,0.0,2047.5,319.6875
2,55500,KELP,2046.0,1.0,2045.0,30.0,0.0,0.0,2049,31,0.0,0.0,0.0,0.0,2047.5,317.6796875
2,55600,KELP,2046.0,2.0,2045.0,20.0,0.0,0.0,2047,2,2049.0,22.0,0.0,0.0,2046.5,317.1953125
2,55700,KELP,2045.0,22.0,0.0,0.0,0.0,0.0,2047,2,2049.0,22.0,0.0,0.0,2046.0,314.1640625
2,55800,KELP,2045.0,25.0,0.0,0.0,0.0,0.0,2049,25,0.0,0.0,0.0,0.0,2047.0,310.59375
2,55900,KELP,2047.0,5.0,2045.0,29.0,0.0,0.0,2049,29,0.0,0.0,0.0,0.0,2048.0,312.109375
2,56000,KELP,2047.0,1.0,2045.0,28.0,0.0,0.0,2049,28,0.0,0.0,0.0,0.0,2048.0,310.40625
2,56100,KELP,2045.0,22.0,0.0,0.0,0.0,0.0,2047,1,2049.0,22.0,0.0,0.0,2046.0,306.796875
2,56200,KELP,2045.0,31.0,0.0,0.0,0.0,0.0,2046,3,2049.0,31.0,0.0,0.0,2045.5,306.328125
2,56300,KELP,2045.0,27.0,0.0,0.0,0.0,0.0,2049,27,0.0,0.0,0.0,0.0,2047.0,310.078125
2,56400,KELP,2045.0,28.0,0.0,0.0,0.0,0.0,2049,28,0.0,0.0,0.0,0.0,2047.0,302.4765625
2,56500,KELP,2045.0,30.0,0.0,0.0,0.0,0.0,2047,6,2048.0,1.0,2049.0,29.0,2046.0,303.390625
2,56600,KELP,2045.0,21.0,0.0,0.0,0.0,0.0,2047,3,2049.0,21.0,0.0,0.0,2046.0,302.9453125
2,56700,KELP,2045.0,31.0,0.0,0.0,0.0,0.0,2048,2,2049.0,23.0,0.0,0.0,2046.5,302.9609375
2,56800,KELP,2045.0,28.0,0.0,0.0,0.0,0.0,2048,1,2049.0,27.0,0.0,0.0,2046.5,304.375
2,56900,KELP,2045.0,21.0,0.0,0.0,0.0,0.0,2048,1,2049.0,20.0,0.0,0.0,2046.5,305.7734375
2,57000,KELP,2045.0,27.0,0.0,0.0,0.0,0.0,2047,3,2049.0,27.0,0.0,0.0,2046.0,304.84375
2,57100,KELP,2046.0,2.0,2045.0,25.0,0.0,0.0,2048,2,2049.0,23.0,0.0,0.0,2047.0,304.34375
2,57200,KELP,2045.0,25.0,0.0,0.0,0.0,0.0,2048,24,0.0,0.0,0.0,0.0,2046.5,292.4375
2,57300,KELP,2045.0,21.0,0.0,0.0,0.0,0.0,2048,21,0.0,0.0,0.0,0.0,2046.5,294.8828125
2,57400,KELP,2045.0,27.0,0.0,0.0,0.0,0.0,2048,27,0.0,0.0,0.0,0.0,2046.5,299.25
2,57500,KELP,2045.0,31.0,0.0,0.0,0.0,0.0,2048,31,0.0,0.0,0.0,0.0,2046.5,297.3828125
2,57600,KELP,2047.0,3.0,2045.0,25.0,0.0,0.0,2048,25,0.0,0.0,0.0,0.0,2047.5,299.2890625
2,57700,KELP,2045.0,32.0,0.0,0.0,0.0,0.0,2048,24,0.0,0.0,0.0,0.0,2046.5,301.6875
2,57800,KELP,2045.0,29.0,0.0,0.0,0.0,0.0,2047,7,2048.0,29.0,0.0,0.0,2046.0,300.1171875
2,57900,KELP,2045.0,23.0,0.0,0.0,0.0,0.0,2048,23,0.0,0.0,0.0,0.0,2046.5,300.4765625
2,58000,KELP,2047.0,1.0,2045.0,32.0,0.0,0.0,2048,32,0.0,0.0,0.0,0.0,2047.5,295.4765625
2,58100,KELP,2047.0,1.0,2045.0,34.0,0.0,0.0,2048,29,0.0,0.0,0.0,0.0,2047.5,301.3984375
2,58200,KELP,2045.0,22.0,0.0,0.0,0.0,0.0,2048,2,2049.0,20.0,0.0,0.0,2046.5,304.2578125
2,58300,KELP,2045.0,25.0,0.0,0.0,0.0,0.0,2049,25,0.0,0.0,0.0,0.0,2047.0,310.0625
2,58400,KELP,2045.0,29.0,0.0,0.0,0.0,0.0,2048,2,2049.0,27.0,0.0,0.0,2046.5,307.109375
2,58500,KELP,2046.0,5.0,2045.0,29.0,0.0,0.0,2048,1,2049.0,28.0,0.0,0.0,2047.0,306.7734375
2,58600,KELP,2045.0,31.0,0.0,0.0,0.0,0.0,2048,1,2049.0,30.0,0.0,0.0,2046.5,306.453125
2,58700,KELP,2045.0,20.0,0.0,0.0,0.0,0.0,2046,3,2049.0,20.0,0.0,0.0,2045.5,311.9296875
2,58800,KELP,2045.0,25.0,0.0,0.0,0.0,0.0,2049,25,0.0,0.0,0.0,0.0,2047.0,320.859375
2,58900,KELP,2046.0,25.0,0.0,0.0,0.0,0.0,2049,25,0.0,0.0,0.0,0.0,2047.5,327.5078125
2,59000,KELP,2046.0,30.0,0.0,0.0,0.0,0.0,2049,30,0.0,0.0,0.0,0.0,2047.5,329.15625
2,59100,KELP,2046.0,36.0,0.0,0.0,0.0,0.0,2049,29,0.0,0.0,0.0,0.0,2047.5,328.7734375
2,59200,KELP,2048.0,7.0,2046.0,25.0,0.0,0.0,2049,25,0.0,0.0,0.0,0.0,2048.5,328.0
2,59300,KELP,2046.0,28.0,0.0,0.0,0.0,0.0,2049,26,0.0,0.0,0.0,0.0,2047.5,332.9296875
2,59400,KELP,2046.0,24.0,0.0,0.0,0.0,0.0,2049,24,0.0,0.0,0.0,0.0,2047.5,333.53515625
2,59500,KELP,2046.0,32.0,0.0,0.0,0.0,0.0,2049,32,0.0,0.0,0.0,0.0,2047.5,335.4921875
2,59600,KELP,2046.0,25.0,0.0,0.0,0.0,0.0,2049,25,0.0,0.0,0.0,0.0,2047.5,335.8671875
2,59700,KELP,2046.0,25.0,0.0,0.0,0.0,0.0,2049,25,0.0,0.0,0.0,0.0,2047.5,336.8984375
2,59800,KELP,2046.0,24.0,0.0,0.0,0.0,0.0,2049,22,0.0,0.0,0.0,0.0,2047.5,335.26171875
2,59900,KELP,2046.0,24.0,0.0,0.0,0.0,0.0,2049,24,0.0,0.0,0.0,0.0,2047.5,337.62890625
2,60000,KELP,2046.0,26.0,0.0,0.0,0.0,0.0,2048,7,2049.0,26.0,0.0,0.0,2047.0,340.53125
2,60100,KELP,2046.0,24.0,0.0,0.0,0.0,0.0,2049,1,2050.0,23.0,0.0,0.0,2047.5,347.078125
2,60200,KELP,2046.0,30.0,0.0,0.0,0.0,0.0,2049,2,2050.0,28.0,0.0,0.0,2047.5,348.015625
2,60300,KELP,2047.0,2.0,2046.0,23.0,0.0,0.0,2049,2,2050.0,21.0,0.0,0.0,2048.0,349.34765625
2,60400,KELP,2046.0,28.0,0.0,0.0,0.0,0.0,2049,2,2050.0,26.0,0.0,0.0,2047.5,347.33203125
2,60500,KELP,2046.0,25.0,0.0,0.0,0.0,0.0,2047,4,2049.0,1.0,2050.0,24.0,2046.5,348.93359375
2,60600,KELP,2048.0,1.0,2046.0,22.0,0.0,0.0,2049,22,0.0,0.0,0.0,0.0,2048.5,341.1796875
2,60700,KELP,2046.0,30.0,0.0,0.0,0.0,0.0,2049,22,0.0,0.0,0.0,0.0,2047.5,344.9453125
2,60800,KELP,2046.0,26.0,0.0,0.0,0.0,0.0,2049,26,0.0,0.0,0.0,0.0,2047.5,340.8828125
2,60900,KELP,2048.0,1.0,2046.0,30.0,0.0,0.0,2049,27,0.0,0.0,0.0,0.0,2048.5,343.8203125
2,61000,KELP,2046.0,21.0,0.0,0.0,0.0,0.0,2049,21,0.0,0.0,0.0,0.0,2047.5,342.75
2,61100,KELP,2046.0,31.0,0.0,0.0,0.0,0.0,2049,31,0.0,0.0,0.0,0.0,2047.5,350.5546875
2,61200,KELP,2046.0,30.0,0.0,0.0,0.0,0.0,2049,29,0.0,0.0,0.0,0.0,2047.5,346.671875
2,61300,KELP,2046.0,26.0,0.0,0.0,0.0,0.0,2049,26,0.0,0.0,0.0,0.0,2047.5,347.0078125
2,61400,KELP,2046.0,27.0,0.0,0.0,0.0,0.0,2047,6,2049.0,27.0,0.0,0.0,2046.5,345.2265625
2,61500,KELP,2046.0,32.0,0.0,0.0,0.0,0.0,2049,25,0.0,0.0,0.0,0.0,2047.5,352.34375
2,61600,KELP,2046.0,22.0,0.0,0.0,0.0,0.0,2049,22,0.0,0.0,0.0,0.0,2047.5,357.390625
2,61700,KELP,2046.0,26.0,0.0,0.0,0.0,0.0,2050,26,0.0,0.0,0.0,0.0,2048.0,361.203125
2,61800,KELP,2046.0,23.0,0.0,0.0,0.0,0.0,2047,5,2050.0,23.0,0.0,0.0,2046.5,362.5703125
2,61900,KELP,2046.0,30.0,0.0,0.0,0.0,0.0,2048,3,2050.0,30.0,0.0,0.0,2047.0,366.4765625
2,62000,KELP,2046.0,22.0,0.0,0.0,0.0,0.0,2050,22,0.0,0.0,0.0,0.0,2048.0,361.421875
2,62100,KELP,2046.0,22.0,0.0,0.0,0.0,0.0,2048,2,2050.0,23.0,0.0,0.0,2047.0,368.8203125
2,62200,KELP,2047.0,6.0,2046.0,28.0,0.0,0.0,2049,1,2050.0,27.0,0.0,0.0,2048.0,365.0078125
2,62300,KELP,2046.0,23.0,0.0,0.0,0.0,0.0,2050,23,0.0,0.0,0.0,0.0,2048.0,368.3671875
2,62400,KELP,2046.0,28.0,0.0,0.0,0.0,0.0,2050,28,0.0,0.0,0.0,0.0,2048.0,368.3515625
2,62500,KELP,2046.0,32.0,0.0,0.0,0.0,0.0,2050,32,0.0,0.0,0.0,0.0,2048.0,369.8046875
2,62600,KELP,2047.0,3.0,2046.0,28.0,0.0,0.0,2049,1,2050.0,27.0,0.0,0.0,2048.0,363.96875
2,62700,KELP,2048.0,1.0,2047.0,8.0,2046.0,24.0,2050,24,0.0,0.0,0.0,0.0,2049.0,364.7734375
2,62800,KELP,2046.0,21.0,0.0,0.0,0.0,0.0,2049,1,2050.0,20.0,0.0,0.0,2047.5,363.1875
2,62900,KELP,2046.0,25.0,0.0,0.0,0.0,0.0,2049,20,0.0,0.0,0.0,0.0,2047.5,360.140625
2,63000,KELP,2046.0,29.0,0.0,0.0,0.0,0.0,2049,29,0.0,0.0,0.0,0.0,2047.5,357.9140625
2,63100,KELP,2046.0,22.0,0.0,0.0,0.0,0.0,2049,1,2050.0,21.0,0.0,0.0,2047.5,361.6640625
2,63200,KELP,2046.0,24.0,0.0,0.0,0.0,0.0,2049,24,0.0,0.0,0.0,0.0,2047.5,358.9921875
2,63300,KELP,2046.0,31.0,0.0,0.0,0.0,0.0,2049,31,0.0,0.0,0.0,0.0,2047.5,359.78125
2,63400,KELP,2046.0,27.0,0.0,0.0,0.0,0.0,2050,27,0.0,0.0,0.0,0.0,2048.0,368.703125
2,63500,KELP,2046.0,23.0,0.0,0.0,0.0,0.0,2049,23,0.0,0.0,0.0,0.0,2047.5,367.84375
2,63600,KELP,2046.0,31.0,0.0,0.0,0.0,0.0,2049,31,0.0,0.0,0.0,0.0,2047.5,363.703125
2,63700,KELP,2046.0,21.0,0.0,0.0,0.0,0.0,2048,1,2049.0,26.0,0.0,0.0,2047.0,359.953125
2,63800,KELP,2046.0,22.0,0.0,0.0,0.0,0.0,2049,22,0.0,0.0,0.0,0.0,2047.5,360.921875
2,63900,KELP,2046.0,30.0,0.0,0.0,0.0,0.0,2047,3,2049.0,30.0,0.0,0.0,2046.5,362.7734375
2,64000,KELP,2046.0,27.0,0.0,0.0,0.0,0.0,2048,7,2049.0,27.0,0.0,0.0,2047.0,363.21875
2,64100,KELP,2046.0,24.0,0.0,0.0,0.0,0.0,2048,7,2049.0,25.0,0.0,0.0,2047.0,357.5390625
2,64200,KELP,2046.0,21.0,0.0,0.0,0.0,0.0,2049,21,0.0,0.0,0.0,0.0,2047.5,352.9609375
2,64300,KELP,2048.0,9.0,2047.0,3.0,2046.0,26.0,2049,2,2050.0,24.0,0.0,0.0,2048.5,374.53125
2,64400,KELP,2046.0,25.0,0.0,0.0,0.0,0.0,2049,25,0.0,0.0,0.0,0.0,2047.5,364.0234375
2,64500,KELP,2046.0,29.0,0.0,0.0,0.0,0.0,2049,29,0.0,0.0,0.0,0.0,2047.5,369.359375
2,64600,KELP,2046.0,21.0,0.0,0.0,0.0,0.0,2049,21,0.0,0.0,0.0,0.0,2047.5,360.4453125
2,64700,KELP,2046.0,28.0,0.0,0.0,0.0,0.0,2049,28,0.0,0.0,0.0,0.0,2047.5,359.203125
2,64800,KELP,2046.0,22.0,0.0,0.0,0.0,0.0,2049,22,0.0,0.0,0.0,0.0,2047.5,360.9765625
2,64900,KELP,2046.0,31.0,0.0,0.0,0.0,0.0,2048,8,2049.0,31.0,0.0,0.0,2047.0,362.625
2,65000,KELP,2046.0,30.0,0.0,0.0,0.0,0.0,2048,5,2049.0,30.0,0.0,0.0,2047.0,356.3125
2,65100,KELP,2046.0,24.0,0.0,0.0,0.0,0.0,2049,21,0.0,0.0,0.0,0.0,2047.5,359.78125
2,65200,KELP,2046.0,26.0,0.0,0.0,0.0,0.0,2048,7,2049.0,26.0,0.0,0.0,2047.0,358.9375
2,65300,KELP,2046.0,30.0,0.0,0.0,0.0,0.0,2048,2,2049.0,30.0,0.0,0.0,2047.0,358.546875
2,65400,KELP,2046.0,34.0,0.0,0.0,0.0,0.0,2049,31,0.0,0.0,0.0,0.0,2047.5,354.359375
2,65500,KELP,2046.0,30.0,0.0,0.0,0.0,0.0,2049,30,0.0,0.0,0.0,0.0,2047.5,360.0234375
2,65600,KELP,2046.0,27.0,0.0,0.0,0.0,0.0,2049,27,0.0,0.0,0.0,0.0,2047.5,361.7421875
2,65700,KELP,2048.0,1.0,2046.0,30.0,0.0,0.0,2049,30,0.0,0.0,0.0,0.0,2048.5,354.625
2,65800,KELP,2046.0,2.0,2045.0,26.0,0.0,0.0,2049,28,0.0,0.0,0.0,0.0,2047.5,353.2734375
2,65900,KELP,2046.0,27.0,0.0,0.0,0.0,0.0,2049,27,0.0,0.0,0.0,0.0,2047.5,354.1328125
2,66000,KELP,2045.0,27.0,0.0,0.0,0.0,0.0,2049,27,0.0,0.0,0.0,0.0,2047.0,347.203125
2,66100,KELP,2045.0,20.0,0.0,0.0,0.0,0.0,2049,20,0.0,0.0,0.0,0.0,2047.0,350.4921875
2,66200,KELP,2045.0,23.0,0.0,0.0,0.0,0.0,2049,24,0.0,0.0,0.0,0.0,2047.0,350.421875
2,66300,KELP,2047.0,3.0,2045.0,30.0,0.0,0.0,2049,30,0.0,0.0,0.0,0.0,2048.0,350.0546875
2,66400,KELP,2047.0,4.0,2045.0,21.0,0.0,0.0,2049,21,0.0,0.0,0.0,0.0,2048.0,350.98046875
2,66500,KELP,2045.0,26.0,0.0,0.0,0.0,0.0,2049,26,0.0,0.0,0.0,0.0,2047.0,354.546875
2,66600,KELP,2046.0,2.0,2045.0,23.0,0.0,0.0,2049,23,0.0,0.0,0.0,0.0,2047.5,351.1640625
2,66700,KELP,2045.0,26.0,0.0,0.0,0.0,0.0,2046,1,2049.0,26.0,0.0,0.0,2045.5,355.98046875
2,66800,KELP,2045.0,21.0,0.0,0.0,0.0,0.0,2047,4,2049.0,21.0,0.0,0.0,2046.0,353.03125
2,66900,KELP,2045.0,25.0,0.0,0.0,0.0,0.0,2049,25,0.0,0.0,0.0,0.0,2047.0,351.296875
2,67000,KELP,2046.0,2.0,2045.0,29.0,0.0,0.0,2049,29,0.0,0.0,0.0,0.0,2047.5,347.46875
2,67100,KELP,2045.0,28.0,0.0,0.0,0.0,0.0,2046,9,2049.0,28.0,0.0,0.0,2045.5,350.69921875
2,67200,KELP,2045.0,21.0,0.0,0.0,0.0,0.0,2049,21,0.0,0.0,0.0,0.0,2047.0,356.9765625
2,67300,KELP,2045.0,22.0,0.0,0.0,0.0,0.0,2049,22,0.0,0.0,0.0,0.0,2047.0,358.15625
2,67400,KELP,2045.0,32.0,0.0,0.0,0.0,0.0,2049,32,0.0,0.0,0.0,0.0,2047.0,357.7890625
2,67500,KELP,2045.0,23.0,0.0,0.0,0.0,0.0,2049,23,0.0,0.0,0.0,0.0,2047.0,359.34375
2,67600,KELP,2045.0,23.0,0.0,0.0,0.0,0.0,2049,23,0.0,0.0,0.0,0.0,2047.0,362.0234375
2,67700,KELP,2045.0,24.0,0.0,0.0,0.0,0.0,2046,2,2049.0,25.0,0.0,0.0,2045.5,366.671875
2,67800,KELP,2046.0,24.0,0.0,0.0,0.0,0.0,2049,24,0.0,0.0,0.0,0.0,2047.5,374.7421875
2,67900,KELP,2046.0,1.0,2045.0,25.0,0.0,0.0,2049,26,0.0,0.0,0.0,0.0,2047.5,370.1875
2,68000,KELP,2045.0,23.0,0.0,0.0,0.0,0.0,2047,4,2049.0,23.0,0.0,0.0,2046.0,368.2265625
2,68100,KELP,2046.0,24.0,0.0,0.0,0.0,0.0,2048,3,2049.0,24.0,0.0,0.0,2047.0,373.84375
2,68200,KELP,2046.0,25.0,0.0,0.0,0.0,0.0,2049,25,0.0,0.0,0.0,0.0,2047.5,373.84375
2,68300,KELP,2046.0,32.0,0.0,0.0,0.0,0.0,2048,8,2049.0,32.0,0.0,0.0,2047.0,373.4921875
2,68400,KELP,2046.0,30.0,0.0,0.0,0.0,0.0,2049,30,0.0,0.0,0.0,0.0,2047.5,371.859375
2,68500,KELP,2046.0,26.0,0.0,0.0,0.0,0.0,2049,26,0.0,0.0,0.0,0.0,2047.5,371.4453125
2,68600,KELP,2046.0,31.0,0.0,0.0,0.0,0.0,2049,31,0.0,0.0,0.0,0.0,2047.5,372.265625
2,68700,KELP,2048.0,1.0,2046.0,33.0,0.0,0.0,2049,25,0.0,0.0,0.0,0.0,2048.5,377.6328125
2,68800,KELP,2046.0,22.0,0.0,0.0,0.0,0.0,2048,5,2049.0,25.0,0.0,0.0,2047.0,376.3515625
2,68900,KELP,2048.0,1.0,2046.0,8.0,2045.0,21.0,2049,23,0.0,0.0,0.0,0.0,2048.5,372.0234375
2,69000,KELP,2046.0,26.0,0.0,0.0,0.0,0.0,2049,26,0.0,0.0,0.0,0.0,2047.5,374.2890625
2,69100,KELP,2046.0,29.0,0.0,0.0,0.0,0.0,2049,29,0.0,0.0,0.0,0.0,2047.5,378.390625
2,69200,KELP,2046.0,21.0,0.0,0.0,0.0,0.0,2048,4,2049.0,21.0,0.0,0.0,2047.0,378.4296875
2,69300,KELP,2046.0,29.0,0.0,0.0,0.0,0.0,2049,29,0.0,0.0,0.0,0.0,2047.5,379.953125
2,69400,KELP,2046.0,23.0,0.0,0.0,0.0,0.0,2049,23,0.0,0.0,0.0,0.0,2047.5,379.59375
2,69500,KELP,2046.0,23.0,0.0,0.0,0.0,0.0,2048,3,2049.0,23.0,0.0,0.0,2047.0,376.5859375
2,69600,KELP,2046.0,25.0,0.0,0.0,0.0,0.0,2049,25,0.0,0.0,0.0,0.0,2047.5,379.578125
2,69700,KELP,2046.0,30.0,0.0,0.0,0.0,0.0,2049,31,0.0,0.0,0.0,0.0,2047.5,378.4296875
2,69800,KELP,2046.0,29.0,0.0,0.0,0.0,0.0,2049,29,0.0,0.0,0.0,0.0,2047.5,377.6953125
2,69900,KELP,2046.0,38.0,0.0,0.0,0.0,0.0,2049,30,0.0,0.0,0.0,0.0,2047.5,376.9296875
2,70000,KELP,2046.0,21.0,0.0,0.0,0.0,0.0,2049,29,0.0,0.0,0.0,0.0,2047.5,376.8984375
2,70100,KELP,2046.0,2.0,2045.0,26.0,0.0,0.0,2049,28,0.0,0.0,0.0,0.0,2047.5,373.3984375
2,70200,KELP,2046.0,24.0,0.0,0.0,0.0,0.0,2049,24,0.0,0.0,0.0,0.0,2047.5,377.1171875
2,70300,KELP,2046.0,6.0,2045.0,27.0,0.0,0.0,2049,29,0.0,0.0,0.0,0.0,2047.5,375.546875
2,70400,KELP,2046.0,2.0,2045.0,28.0,0.0,0.0,2049,30,0.0,0.0,0.0,0.0,2047.5,374.1171875
2,70500,KELP,2046.0,2.0,2045.0,26.0,0.0,0.0,2049,28,0.0,0.0,0.0,0.0,2047.5,372.484375
2,70600,KELP,2047.0,5.0,2045.0,23.0,0.0,0.0,2049,23,0.0,0.0,0.0,0.0,2048.0,368.765625
2,70700,KELP,2045.0,24.0,0.0,0.0,0.0,0.0,2049,24,0.0,0.0,0.0,0.0,2047.0,365.9609375
2,70800,KELP,2045.0,31.0,0.0,0.0,0.0,0.0,2047,3,2049.0,31.0,0.0,0.0,2046.0,363.6171875
2,70900,KELP,2045.0,25.0,0.0,0.0,0.0,0.0,2049,25,0.0,0.0,0.0,0.0,2047.0,362.421875
2,71000,KELP,2046.0,8.0,2045.0,29.0,0.0,0.0,2049,29,0.0,0.0,0.0,0.0,2047.5,362.515625
2,71100,KELP,2048.0,1.0,2046.0,4.0,2045.0,23.0,2049,23,0.0,0.0,0.0,0.0,2048.5,365.765625
2,71200,KELP,2045.0,20.0,0.0,0.0,0.0,0.0,2049,20,0.0,0.0,0.0,0.0,2047.0,367.140625
2,71300,KELP,2045.0,24.0,0.0,0.0,0.0,0.0,2049,24,0.0,0.0,0.0,0.0,2047.0,368.7265625
2,71400,KELP,2046.0,25.0,0.0,0.0,0.0,0.0,2049,25,0.0,0.0,0.0,0.0,2047.5,383.8359375
2,71500,KELP,2046.0,25.0,0.0,0.0,0.0,0.0,2049,26,0.0,0.0,0.0,0.0,2047.5,380.6875
2,71600,KELP,2046.0,26.0,0.0,0.0,0.0,0.0,2049,25,0.0,0.0,0.0,0.0,2047.5,385.5703125
2,71700,KELP,2046.0,32.0,0.0,0.0,0.0,0.0,2049,32,0.0,0.0,0.0,0.0,2047.5,383.8671875
2,71800,KELP,2046.0,31.0,0.0,0.0,0.0,0.0,2049,31,0.0,0.0,0.0,0.0,2047.5,381.53125
2,71900,KELP,2046.0,25.0,0.0,0.0,0.0,0.0,2049,25,0.0,0.0,0.0,0.0,2047.5,384.5546875
2,72000,KELP,2046.0,35.0,0.0,0.0,0.0,0.0,2049,27,0.0,0.0,0.0,0.0,2047.5,382.5859375
2,72100,KELP,2046.0,20.0,0.0,0.0,0.0,0.0,2049,20,0.0,0.0,0.0,0.0,2047.5,383.9375
2,72200,KELP,2045.0,25.0,0.0,0.0,0.0,0.0,2049,25,0.0,0.0,0.0,0.0,2047.0,372.4765625
2,72300,KELP,2045.0,25.0,0.0,0.0,0.0,0.0,2049,25,0.0,0.0,0.0,0.0,2047.0,373.828125
2,72400,KELP,2046.0,1.0,2045.0,23.0,0.0,0.0,2049,24,0.0,0.0,0.0,0.0,2047.5,377.1640625
2,72500,KELP,2047.0,5.0,2045.0,27.0,0.0,0.0,2049,27,0.0,0.0,0.0,0.0,2048.0,376.8046875
2,72600,KELP,2046.0,6.0,2045.0,28.0,0.0,0.0,2049,30,0.0,0.0,0.0,0.0,2047.5,377.92578125
2,72700,KELP,2046.0,1.0,2045.0,29.0,0.0,0.0,2049,30,0.0,0.0,0.0,0.0,2047.5,378.26953125
2,72800,KELP,2045.0,24.0,0.0,0.0,0.0,0.0,2049,24,0.0,0.0,0.0,0.0,2047.0,376.83984375
2,72900,KELP,2045.0,25.0,0.0,0.0,0.0,0.0,2047,3,2049.0,25.0,0.0,0.0,2046.0,374.859375
2,73000,KELP,2045.0,30.0,0.0,0.0,0.0,0.0,2047,5,2049.0,30.0,0.0,0.0,2046.0,373.44921875
2,73100,KELP,2045.0,21.0,0.0,0.0,0.0,0.0,2047,2,2049.0,21.0,0.0,0.0,2046.0,374.87109375
2,73200,KELP,2045.0,25.0,0.0,0.0,0.0,0.0,2047,4,2049.0,25.0,0.0,0.0,2046.0,374.3203125
2,73300,KELP,2045.0,22.0,0.0,0.0,0.0,0.0,2049,23,0.0,0.0,0.0,0.0,2047.0,372.921875
2,73400,KELP,2045.0,30.0,0.0,0.0,0.0,0.0,2047,1,2049.0,30.0,0.0,0.0,2046.0,372.9609375
2,73500,KELP,2046.0,7.0,2045.0,21.0,0.0,0.0,2049,21,0.0,0.0,0.0,0.0,2047.5,372.0625
2,73600,KELP,2045.0,25.0,0.0,0.0,0.0,0.0,2049,25,0.0,0.0,0.0,0.0,2047.0,372.69921875
2,73700,KELP,2045.0,26.0,0.0,0.0,0.0,0.0,2049,26,0.0,0.0,0.0,0.0,2047.0,373.9765625
2,73800,KELP,2046.0,6.0,2045.0,23.0,0.0,0.0,2049,23,0.0,0.0,0.0,0.0,2047.5,372.09375
2,73900,KELP,2045.0,31.0,0.0,0.0,0.0,0.0,2049,31,0.0,0.0,0.0,0.0,2047.0,373.7265625
2,74000,KELP,2047.0,3.0,2045.0,28.0,0.0,0.0,2049,28,0.0,0.0,0.0,0.0,2048.0,374.859375
2,74100,KELP,2046.0,7.0,2045.0,26.0,0.0,0.0,2049,27,0.0,0.0,0.0,0.0,2047.5,380.43359375
2,74200,KELP,2045.0,29.0,0.0,0.0,0.0,0.0,2046,1,2047.0,6.0,2049.0,29.0,2045.5,379.6796875
2,74300,KELP,2047.0,2.0,2046.0,6.0,2045.0,30.0,2049,30,0.0,0.0,0.0,0.0,2048.0,381.84765625
2,74400,KELP,2045.0,21.0,0.0,0.0,0.0,0.0,2049,21,0.0,0.0,0.0,0.0,2047.0,381.4609375
2,74500,KELP,2046.0,1.0,2045.0,22.0,0.0,0.0,2049,23,0.0,0.0,0.0,0.0,2047.5,390.9375
2,74600,KELP,2046.0,26.0,0.0,0.0,0.0,0.0,2049,26,0.0,0.0,0.0,0.0,2047.5,397.20703125
2,74700,KELP,2046.0,25.0,0.0,0.0,0.0,0.0,2049,25,0.0,0.0,0.0,0.0,2047.5,395.62890625
2,74800,KELP,2046.0,22.0,0.0,0.0,0.0,0.0,2049,22,0.0,0.0,0.0,0.0,2047.5,395.6640625
2,74900,KELP,2048.0,1.0,2046.0,27.0,0.0,0.0,2049,27,0.0,0.0,0.0,0.0,2048.5,395.703125
2,75000,KELP,2046.0,26.0,0.0,0.0,0.0,0.0,2049,26,0.0,0.0,0.0,0.0,2047.5,396.40625
2,75100,KELP,2046.0,28.0,0.0,0.0,0.0,0.0,2048,4,2049.0,28.0,0.0,0.0,2047.0,396.12109375
2,75200,KELP,2046.0,24.0,0.0,0.0,0.0,0.0,2049,24,0.0,0.0,0.0,0.0,2047.5,396.07421875
2,75300,KELP,2046.0,31.0,0.0,0.0,0.0,0.0,2049,30,0.0,0.0,0.0,0.0,2047.5,396.06640625
2,75400,KELP,2046.0,28.0,0.0,0.0,0.0,0.0,2049,28,0.0,0.0,0.0,0.0,2047.5,396.41015625
2,75500,KELP,2046.0,24.0,0.0,0.0,0.0,0.0,2049,24,0.0,0.0,0.0,0.0,2047.5,396.09375
2,75600,KELP,2046.0,25.0,0.0,0.0,0.0,0.0,2049,25,0.0,0.0,0.0,0.0,2047.5,396.41796875
2,75700,KELP,2046.0,24.0,0.0,0.0,0.0,0.0,2049,24,0.0,0.0,0.0,0.0,2047.5,396.41796875
2,75800,KELP,2045.0,24.0,0.0,0.0,0.0,0.0,2047,2,2049.0,24.0,0.0,0.0,2046.0,391.7265625
2,75900,KELP,2045.0,29.0,0.0,0.0,0.0,0.0,2049,29,0.0,0.0,0.0,0.0,2047.0,391.4140625
2,76000,KELP,2046.0,4.0,2045.0,28.0,0.0,0.0,2049,28,0.0,0.0,0.0,0.0,2047.5,390.16796875
2,76100,KELP,2046.0,2.0,2045.0,22.0,0.0,0.0,2049,24,0.0,0.0,0.0,0.0,2047.5,392.6640625
2,76200,KELP,2047.0,6.0,2046.0,1.0,2045.0,25.0,2049,25,0.0,0.0,0.0,0.0,2048.0,391.0625
2,76300,KELP,2046.0,2.0,2045.0,22.0,0.0,0.0,2049,22,0.0,0.0,0.0,0.0,2047.5,390.015625
2,76400,KELP,2045.0,25.0,0.0,0.0,0.0,0.0,2049,25,0.0,0.0,0.0,0.0,2047.0,389.984375
2,76500,KELP,2047.0,2.0,2045.0,24.0,0.0,0.0,2049,24,0.0,0.0,0.0,0.0,2048.0,389.71875
2,76600,KELP,2045.0,32.0,0.0,0.0,0.0,0.0,2049,32,0.0,0.0,0.0,0.0,2047.0,389.8203125
2,76700,KELP,2046.0,29.0,0.0,0.0,0.0,0.0,2049,23,0.0,0.0,0.0,0.0,2047.5,394.6953125
2,76800,KELP,2046.0,26.0,0.0,0.0,0.0,0.0,2048,3,2049.0,26.0,0.0,0.0,2047.0,395.3828125
2,76900,KELP,2046.0,28.0,0.0,0.0,0.0,0.0,2049,27,0.0,0.0,0.0,0.0,2047.5,395.55078125
2,77000,KELP,2046.0,22.0,0.0,0.0,0.0,0.0,2049,22,0.0,0.0,0.0,0.0,2047.5,397.828125
2,77100,KELP,2046.0,35.0,0.0,0.0,0.0,0.0,2049,27,0.0,0.0,0.0,0.0,2047.5,405.15625
2,77200,KELP,2046.0,28.0,0.0,0.0,0.0,0.0,2049,28,0.0,0.0,0.0,0.0,2047.5,407.5625
2,77300,KELP,2046.0,24.0,0.0,0.0,0.0,0.0,2049,20,0.0,0.0,0.0,0.0,2047.5,408.12890625
2,77400,KELP,2046.0,29.0,0.0,0.0,0.0,0.0,2049,30,0.0,0.0,0.0,0.0,2047.5,408.671875
2,77500,KELP,2046.0,29.0,0.0,0.0,0.0,0.0,2047,3,2049.0,29.0,0.0,0.0,2046.5,407.73828125
2,77600,KELP,2046.0,34.0,0.0,0.0,0.0,0.0,2049,29,0.0,0.0,0.0,0.0,2047.5,409.609375
2,77700,KELP,2046.0,26.0,0.0,0.0,0.0,0.0,2049,26,0.0,0.0,0.0,0.0,2047.5,410.66015625
2,77800,KELP,2046.0,30.0,0.0,0.0,0.0,0.0,2049,26,0.0,0.0,0.0,0.0,2047.5,411.54296875
2,77900,KELP,2046.0,26.0,0.0,0.0,0.0,0.0,2048,1,2049.0,26.0,0.0,0.0,2047.0,412.59765625
2,78000,KELP,2046.0,24.0,0.0,0.0,0.0,0.0,2049,24,0.0,0.0,0.0,0.0,2047.5,412.81640625
2,78100,KELP,2046.0,25.0,0.0,0.0,0.0,0.0,2049,25,0.0,0.0,0.0,0.0,2047.5,413.06640625
2,78200,KELP,2048.0,1.0,2046.0,30.0,0.0,0.0,2049,30,0.0,0.0,0.0,0.0,2048.5,413.2734375
2,78300,KELP,2046.0,19.0,0.0,0.0,0.0,0.0,2049,20,0.0,0.0,0.0,0.0,2047.5,413.859375
2,78400,KELP,2046.0,26.0,0.0,0.0,0.0,0.0,2049,26,0.0,0.0,0.0,0.0,2047.5,414.56640625
2,78500,KELP,2046.0,31.0,0.0,0.0,0.0,0.0,2049,31,0.0,0.0,0.0,0.0,2047.5,415.26171875
2,78600,KELP,2046.0,25.0,0.0,0.0,0.0,0.0,2048,2,2049.0,25.0,0.0,0.0,2047.0,413.84765625
2,78700,KELP,2046.0,29.0,0.0,0.0,0.0,0.0,2049,29,0.0,0.0,0.0,0.0,2047.5,413.984375
2,78800,KELP,2046.0,26.0,0.0,0.0,0.0,0.0,2050,26,0.0,0.0,0.0,0.0,2048.0,418.984375
2,78900,KELP,2048.0,1.0,2046.0,23.0,0.0,0.0,2049,1,2050.0,22.0,0.0,0.0,2048.5,415.68359375
2,79000,KELP,2046.0,28.0,0.0,0.0,0.0,0.0,2050,28,0.0,0.0,0.0,0.0,2048.0,418.09375
2,79100,KELP,2046.0,30.0,0.0,0.0,0.0,0.0,2050,30,0.0,0.0,0.0,0.0,2048.0,419.0859375
2,79200,KELP,2046.0,23.0,0.0,0.0,0.0,0.0,2050,23,0.0,0.0,0.0,0.0,2048.0,417.6328125
2,79300,KELP,2046.0,24.0,0.0,0.0,0.0,0.0,2049,24,0.0,0.0,0.0,0.0,2047.5,414.85546875
2,79400,KELP,2046.0,24.0,0.0,0.0,0.0,0.0,2049,24,0.0,0.0,0.0,0.0,2047.5,417.5
2,79500,KELP,2046.0,26.0,0.0,0.0,0.0,0.0,2049,1,2050.0,25.0,0.0,0.0,2047.5,419.515625
2,79600,KELP,2046.0,25.0,0.0,0.0,0.0,0.0,2048,3,2050.0,25.0,0.0,0.0,2047.0,419.28515625
2,79700,KELP,2046.0,23.0,0.0,0.0,0.0,0.0,2049,2,2050.0,21.0,0.0,0.0,2047.5,418.20703125
2,79800,KELP,2046.0,23.0,0.0,0.0,0.0,0.0,2050,23,0.0,0.0,0.0,0.0,2048.0,418.7109375
2,79900,KELP,2046.0,22.0,0.0,0.0,0.0,0.0,2048,4,2049.0,22.0,0.0,0.0,2047.0,416.9375
2,80000,KELP,2046.0,24.0,0.0,0.0,0.0,0.0,2049,2,2050.0,22.0,0.0,0.0,2047.5,417.453125
2,80100,KELP,2048.0,1.0,2046.0,28.0,0.0,0.0,2049,2,2050.0,26.0,0.0,0.0,2048.5,417.1875
2,80200,KELP,2046.0,30.0,0.0,0.0,0.0,0.0,2050,30,0.0,0.0,0.0,0.0,2048.0,424.93359375
2,80300,KELP,2046.0,26.0,0.0,0.0,0.0,0.0,2047,2,2050.0,26.0,0.0,0.0,2046.5,427.95703125
2,80400,KELP,2047.0,29.0,0.0,0.0,0.0,0.0,2050,30,0.0,0.0,0.0,0.0,2048.5,437.0625
2,80500,KELP,2049.0,8.0,2047.0,31.0,0.0,0.0,2050,31,0.0,0.0,0.0,0.0,2049.5,439.33203125
2,80600,KELP,2047.0,22.0,0.0,0.0,0.0,0.0,2050,22,0.0,0.0,0.0,0.0,2048.5,440.9296875
2,80700,KELP,2048.0,5.0,2047.0,6.0,2046.0,30.0,2050,30,0.0,0.0,0.0,0.0,2049.0,435.8671875
2,80800,KELP,2046.0,25.0,0.0,0.0,0.0,0.0,2048,5,2050.0,25.0,0.0,0.0,2047.0,436.7890625
2,80900,KELP,2046.0,23.0,0.0,0.0,0.0,0.0,2048,6,2050.0,23.0,0.0,0.0,2047.0,434.91796875
2,81000,KELP,2047.0,23.0,0.0,0.0,0.0,0.0,2050,24,0.0,0.0,0.0,0.0,2048.5,440.21875
2,81100,KELP,2047.0,27.0,0.0,0.0,0.0,0.0,2050,27,0.0,0.0,0.0,0.0,2048.5,443.10546875
2,81200,KELP,2047.0,28.0,0.0,0.0,0.0,0.0,2049,8,2050.0,28.0,0.0,0.0,2048.0,442.078125
2,81300,KELP,2047.0,21.0,0.0,0.0,0.0,0.0,2050,21,0.0,0.0,0.0,0.0,2048.5,440.203125
2,81400,KELP,2046.0,28.0,0.0,0.0,0.0,0.0,2050,28,0.0,0.0,0.0,0.0,2048.0,434.71484375
2,81500,KELP,2047.0,2.0,2046.0,23.0,0.0,0.0,2050,23,0.0,0.0,0.0,0.0,2048.5,434.453125
2,81600,KELP,2049.0,1.0,2046.0,21.0,0.0,0.0,2050,21,0.0,0.0,0.0,0.0,2049.5,434.921875
2,81700,KELP,2046.0,30.0,0.0,0.0,0.0,0.0,2050,30,0.0,0.0,0.0,0.0,2048.0,436.34375
2,81800,KELP,2047.0,2.0,2046.0,28.0,0.0,0.0,2050,28,0.0,0.0,0.0,0.0,2048.5,437.1328125
2,81900,KELP,2046.0,30.0,0.0,0.0,0.0,0.0,2050,30,0.0,0.0,0.0,0.0,2048.0,438.47265625
2,82000,KELP,2046.0,21.0,0.0,0.0,0.0,0.0,2048,7,2050.0,21.0,0.0,0.0,2047.0,438.01171875
2,82100,KELP,2047.0,32.0,0.0,0.0,0.0,0.0,2048,5,2050.0,29.0,0.0,0.0,2047.5,441.3828125
2,82200,KELP,2047.0,28.0,0.0,0.0,0.0,0.0,2050,28,0.0,0.0,0.0,0.0,2048.5,454.6875
2,82300,KELP,2047.0,23.0,0.0,0.0,0.0,0.0,2050,23,0.0,0.0,0.0,0.0,2048.5,452.2109375
2,82400,KELP,2047.0,29.0,0.0,0.0,0.0,0.0,2050,29,0.0,0.0,0.0,0.0,2048.5,453.2578125
2,82500,KELP,2047.0,29.0,0.0,0.0,0.0,0.0,2050,29,0.0,0.0,0.0,0.0,2048.5,453.2265625
2,82600,KELP,2047.0,21.0,0.0,0.0,0.0,0.0,2048,2,2051.0,21.0,0.0,0.0,2047.5,461.2890625
2,82700,KELP,2047.0,27.0,0.0,0.0,0.0,0.0,2049,5,2051.0,27.0,0.0,0.0,2048.0,465.6484375
2,82800,KELP,2047.0,27.0,0.0,0.0,0.0,0.0,2050,24,0.0,0.0,0.0,0.0,2048.5,459.0859375
2,82900,KELP,2047.0,31.0,0.0,0.0,0.0,0.0,2050,2,2051.0,24.0,0.0,0.0,2048.5,461.5390625
2,83000,KELP,2047.0,33.0,0.0,0.0,0.0,0.0,2050,29,0.0,0.0,0.0,0.0,2048.5,457.0
2,83100,KELP,2047.0,22.0,0.0,0.0,0.0,0.0,2050,22,0.0,0.0,0.0,0.0,2048.5,451.6484375
2,83200,KELP,2047.0,23.0,0.0,0.0,0.0,0.0,2050,23,0.0,0.0,0.0,0.0,2048.5,449.671875
2,83300,KELP,2047.0,31.0,0.0,0.0,0.0,0.0,2049,5,2050.0,31.0,0.0,0.0,2048.0,452.6953125
2,83400,KELP,2047.0,30.0,0.0,0.0,0.0,0.0,2050,30,0.0,0.0,0.0,0.0,2048.5,451.296875
2,83500,KELP,2047.0,25.0,0.0,0.0,0.0,0.0,2050,25,0.0,0.0,0.0,0.0,2048.5,457.8828125
2,83600,KELP,2047.0,34.0,0.0,0.0,0.0,0.0,2050,29,0.0,0.0,0.0,0.0,2048.5,458.203125
2,83700,KELP,2047.0,21.0,0.0,0.0,0.0,0.0,2049,2,2051.0,21.0,0.0,0.0,2048.0,461.6484375
2,83800,KELP,2047.0,29.0,0.0,0.0,0.0,0.0,2050,29,0.0,0.0,0.0,0.0,2048.5,458.53125
2,83900,KELP,2047.0,31.0,0.0,0.0,0.0,0.0,2050,27,0.0,0.0,0.0,0.0,2048.5,453.71875
2,84000,KELP,2047.0,21.0,0.0,0.0,0.0,0.0,2050,21,0.0,0.0,0.0,0.0,2048.5,449.953125
2,84100,KELP,2047.0,29.0,0.0,0.0,0.0,0.0,2050,29,0.0,0.0,0.0,0.0,2048.5,452.0234375
2,84200,KELP,2049.0,2.0,2047.0,27.0,0.0,0.0,2051,27,0.0,0.0,0.0,0.0,2050.0,474.1328125
2,84300,KELP,2050.0,9.0,2048.0,31.0,0.0,0.0,2051,31,0.0,0.0,0.0,0.0,2050.5,477.25
2,84400,KELP,2048.0,30.0,0.0,0.0,0.0,0.0,2051,30,0.0,0.0,0.0,0.0,2049.5,489.359375
2,84500,KELP,2048.0,28.0,0.0,0.0,0.0,0.0,2051,24,0.0,0.0,0.0,0.0,2049.5,483.609375
2,84600,KELP,2050.0,7.0,2048.0,23.0,0.0,0.0,2051,23,0.0,0.0,0.0,0.0,2050.5,484.88671875
2,84700,KELP,2048.0,26.0,0.0,0.0,0.0,0.0,2050,3,2051.0,26.0,0.0,0.0,2049.0,489.640625
2,84800,KELP,2050.0,9.0,2048.0,28.0,0.0,0.0,2051,28,0.0,0.0,0.0,0.0,2050.5,486.2265625
2,84900,KELP,2048.0,26.0,0.0,0.0,0.0,0.0,2050,6,2051.0,26.0,0.0,0.0,2049.0,494.875
2,85000,KELP,2048.0,24.0,0.0,0.0,0.0,0.0,2051,24,0.0,0.0,0.0,0.0,2049.5,489.59375
2,85100,KELP,2048.0,23.0,0.0,0.0,0.0,0.0,2050,8,2051.0,23.0,0.0,0.0,2049.0,488.37109375
2,85200,KELP,2049.0,1.0,2048.0,1.0,2047.0,28.0,2051,29,0.0,0.0,0.0,0.0,2050.0,480.1328125
2,85300,KELP,2047.0,25.0,0.0,0.0,0.0,0.0,2051,25,0.0,0.0,0.0,0.0,2049.0,480.79296875
2,85400,KELP,2047.0,27.0,0.0,0.0,0.0,0.0,2051,27,0.0,0.0,0.0,0.0,2049.0,478.1015625
2,85500,KELP,2050.0,1.0,2047.0,30.0,0.0,0.0,2051,30,0.0,0.0,0.0,0.0,2050.5,478.59375
2,85600,KELP,2047.0,22.0,0.0,0.0,0.0,0.0,2049,1,2051.0,22.0,0.0,0.0,2048.0,476.66796875
2,85700,KELP,2049.0,1.0,2047.0,21.0,0.0,0.0,2051,21,0.0,0.0,0.0,0.0,2050.0,474.99609375
2,85800,KELP,2047.0,31.0,0.0,0.0,0.0,0.0,2050,1,2051.0,30.0,0.0,0.0,2048.5,473.171875
2,85900,KELP,2047.0,22.0,0.0,0.0,0.0,0.0,2051,23,0.0,0.0,0.0,0.0,2049.0,474.08984375
2,86000,KELP,2048.0,2.0,2047.0,20.0,0.0,0.0,2051,20,0.0,0.0,0.0,0.0,2049.5,474.55859375
2,86100,KELP,2047.0,28.0,0.0,0.0,0.0,0.0,2051,28,0.0,0.0,0.0,0.0,2049.0,475.29296875
2,86200,KELP,2048.0,1.0,2047.0,30.0,0.0,0.0,2051,31,0.0,0.0,0.0,0.0,2049.5,482.0859375
2,86300,KELP,2048.0,3.0,2047.0,24.0,0.0,0.0,2051,24,0.0,0.0,0.0,0.0,2049.5,479.28515625
2,86400,KELP,2047.0,23.0,0.0,0.0,0.0,0.0,2051,24,0.0,0.0,0.0,0.0,2049.0,476.75390625
2,86500,KELP,2048.0,2.0,2047.0,23.0,0.0,0.0,2051,25,0.0,0.0,0.0,0.0,2049.5,481.81640625
2,86600,KELP,2050.0,1.0,2048.0,26.0,0.0,0.0,2051,26,0.0,0.0,0.0,0.0,2050.5,483.22265625
2,86700,KELP,2048.0,28.0,0.0,0.0,0.0,0.0,2051,28,0.0,0.0,0.0,0.0,2049.5,484.93359375
2,86800,KELP,2048.0,28.0,0.0,0.0,0.0,0.0,2050,2,2051.0,29.0,0.0,0.0,2049.0,486.3203125
2,86900,KELP,2048.0,20.0,0.0,0.0,0.0,0.0,2051,23,0.0,0.0,0.0,0.0,2049.5,487.7734375
2,87000,KELP,2048.0,25.0,0.0,0.0,0.0,0.0,2051,25,0.0,0.0,0.0,0.0,2049.5,485.5546875
2,87100,KELP,2048.0,22.0,0.0,0.0,0.0,0.0,2051,23,0.0,0.0,0.0,0.0,2049.5,484.84375
2,87200,KELP,2048.0,23.0,0.0,0.0,0.0,0.0,2051,23,0.0,0.0,0.0,0.0,2049.5,484.5546875
2,87300,KELP,2048.0,29.0,0.0,0.0,0.0,0.0,2051,29,0.0,0.0,0.0,0.0,2049.5,483.32421875
2,87400,KELP,2048.0,23.0,0.0,0.0,0.0,0.0,2051,23,0.0,0.0,0.0,0.0,2049.5,484.796875
2,87500,KELP,2048.0,24.0,0.0,0.0,0.0,0.0,2052,24,0.0,0.0,0.0,0.0,2050.0,498.484375
2,87600,KELP,2048.0,21.0,0.0,0.0,0.0,0.0,2052,21,0.0,0.0,0.0,0.0,2050.0,500.6875
2,87700,KELP,2051.0,1.0,2048.0,22.0,0.0,0.0,2052,22,0.0,0.0,0.0,0.0,2051.5,499.87109375
2,87800,KELP,2048.0,30.0,0.0,0.0,0.0,0.0,2052,30,0.0,0.0,0.0,0.0,2050.0,501.36328125
2,87900,KELP,2048.0,22.0,0.0,0.0,0.0,0.0,2052,22,0.0,0.0,0.0,0.0,2050.0,504.74609375
2,88000,KELP,2049.0,27.0,0.0,0.0,0.0,0.0,2052,27,0.0,0.0,0.0,0.0,2050.5,508.65234375
2,88100,KELP,2049.0,23.0,0.0,0.0,0.0,0.0,2052,23,0.0,0.0,0.0,0.0,2050.5,510.578125
2,88200,KELP,2049.0,28.0,0.0,0.0,0.0,0.0,2052,28,0.0,0.0,0.0,0.0,2050.5,511.05078125
2,88300,KELP,2051.0,1.0,2049.0,33.0,0.0,0.0,2052,27,0.0,0.0,0.0,0.0,2051.5,514.28125
2,88400,KELP,2049.0,28.0,0.0,0.0,0.0,0.0,2052,28,0.0,0.0,0.0,0.0,2050.5,512.453125
2,88500,KELP,2049.0,23.0,0.0,0.0,0.0,0.0,2052,23,0.0,0.0,0.0,0.0,2050.5,510.42578125
2,88600,KELP,2049.0,28.0,0.0,0.0,0.0,0.0,2052,24,0.0,0.0,0.0,0.0,2050.5,508.015625
2,88700,KELP,2049.0,28.0,0.0,0.0,0.0,0.0,2052,28,0.0,0.0,0.0,0.0,2050.5,507.33984375
2,88800,KELP,2049.0,23.0,0.0,0.0,0.0,0.0,2052,23,0.0,0.0,0.0,0.0,2050.5,510.85546875
2,88900,KELP,2049.0,21.0,0.0,0.0,0.0,0.0,2051,7,2052.0,21.0,0.0,0.0,2050.0,508.234375
2,89000,KELP,2049.0,31.0,0.0,0.0,0.0,0.0,2052,30,0.0,0.0,0.0,0.0,2050.5,508.90234375
2,89100,KELP,2049.0,26.0,0.0,0.0,0.0,0.0,2052,26,0.0,0.0,0.0,0.0,2050.5,508.90625
2,89200,KELP,2049.0,28.0,0.0,0.0,0.0,0.0,2052,28,0.0,0.0,0.0,0.0,2050.5,509.36328125
2,89300,KELP,2049.0,2.0,2048.0,25.0,0.0,0.0,2052,27,0.0,0.0,0.0,0.0,2050.5,505.796875
2,89400,KELP,2050.0,4.0,2048.0,23.0,0.0,0.0,2052,23,0.0,0.0,0.0,0.0,2051.0,505.39453125
2,89500,KELP,2048.0,24.0,0.0,0.0,0.0,0.0,2052,24,0.0,0.0,0.0,0.0,2050.0,503.02734375
2,89600,KELP,2048.0,27.0,0.0,0.0,0.0,0.0,2052,27,0.0,0.0,0.0,0.0,2050.0,502.8671875
2,89700,KELP,2048.0,30.0,0.0,0.0,0.0,0.0,2052,30,0.0,0.0,0.0,0.0,2050.0,503.48828125
2,89800,KELP,2049.0,4.0,2048.0,21.0,0.0,0.0,2052,21,0.0,0.0,0.0,0.0,2050.5,505.11328125
2,89900,KELP,2048.0,22.0,0.0,0.0,0.0,0.0,2052,22,0.0,0.0,0.0,0.0,2050.0,505.53125
2,90000,KELP,2048.0,26.0,0.0,0.0,0.0,0.0,2050,5,2052.0,26.0,0.0,0.0,2049.0,504.1015625
2,90100,KELP,2048.0,30.0,0.0,0.0,0.0,0.0,2052,30,0.0,0.0,0.0,0.0,2050.0,506.796875
2,90200,KELP,2049.0,6.0,2048.0,22.0,0.0,0.0,2052,22,0.0,0.0,0.0,0.0,2050.5,503.2890625
2,90300,KELP,2048.0,31.0,0.0,0.0,0.0,0.0,2051,1,2052.0,30.0,0.0,0.0,2049.5,508.6015625
2,90400,KELP,2048.0,27.0,0.0,0.0,0.0,0.0,2051,27,0.0,0.0,0.0,0.0,2049.5,499.90625
2,90500,KELP,2048.0,22.0,0.0,0.0,0.0,0.0,2051,22,0.0,0.0,0.0,0.0,2049.5,501.6328125
2,90600,KELP,2048.0,25.0,0.0,0.0,0.0,0.0,2051,25,0.0,0.0,0.0,0.0,2049.5,500.328125
2,90700,KELP,2048.0,24.0,0.0,0.0,0.0,0.0,2051,25,0.0,0.0,0.0,0.0,2049.5,503.578125
2,90800,KELP,2048.0,27.0,0.0,0.0,0.0,0.0,2050,6,2051.0,28.0,0.0,0.0,2049.0,504.578125
2,90900,KELP,2048.0,27.0,0.0,0.0,0.0,0.0,2051,24,0.0,0.0,0.0,0.0,2049.5,503.6015625
2,91000,KELP,2049.0,2.0,2048.0,29.0,0.0,0.0,2051,29,0.0,0.0,0.0,0.0,2050.0,502.8984375
2,91100,KELP,2048.0,30.0,0.0,0.0,0.0,0.0,2051,30,0.0,0.0,0.0,0.0,2049.5,501.265625
2,91200,KELP,2048.0,26.0,0.0,0.0,0.0,0.0,2051,26,0.0,0.0,0.0,0.0,2049.5,504.1171875
2,91300,KELP,2050.0,1.0,2048.0,25.0,0.0,0.0,2051,1,2052.0,24.0,0.0,0.0,2050.5,511.953125
2,91400,KELP,2048.0,30.0,0.0,0.0,0.0,0.0,2050,4,2051.0,30.0,0.0,0.0,2049.0,505.46875
2,91500,KELP,2048.0,22.0,0.0,0.0,0.0,0.0,2052,22,0.0,0.0,0.0,0.0,2050.0,517.2265625
2,91600,KELP,2048.0,24.0,0.0,0.0,0.0,0.0,2052,24,0.0,0.0,0.0,0.0,2050.0,513.4921875
2,91700,KELP,2048.0,25.0,0.0,0.0,0.0,0.0,2052,25,0.0,0.0,0.0,0.0,2050.0,513.1953125
2,91800,KELP,2050.0,2.0,2048.0,30.0,0.0,0.0,2052,30,0.0,0.0,0.0,0.0,2051.0,514.1875
2,91900,KELP,2048.0,30.0,0.0,0.0,0.0,0.0,2051,1,2052.0,29.0,0.0,0.0,2049.5,513.203125
2,92000,KELP,2048.0,29.0,0.0,0.0,0.0,0.0,2050,1,2051.0,29.0,0.0,0.0,2049.0,509.5546875
2,92100,KELP,2048.0,27.0,0.0,0.0,0.0,0.0,2052,27,0.0,0.0,0.0,0.0,2050.0,515.8828125
2,92200,KELP,2049.0,2.0,2048.0,31.0,0.0,0.0,2052,31,0.0,0.0,0.0,0.0,2050.5,520.6171875
2,92300,KELP,2048.0,28.0,0.0,0.0,0.0,0.0,2052,28,0.0,0.0,0.0,0.0,2050.0,518.65625
2,92400,KELP,2048.0,22.0,0.0,0.0,0.0,0.0,2050,8,2051.0,22.0,0.0,0.0,2049.0,509.96875
2,92500,KELP,2048.0,21.0,0.0,0.0,0.0,0.0,2050,6,2051.0,21.0,0.0,0.0,2049.0,511.3515625
2,92600,KELP,2048.0,25.0,0.0,0.0,0.0,0.0,2052,25,0.0,0.0,0.0,0.0,2050.0,522.734375
2,92700,KELP,2048.0,26.0,0.0,0.0,0.0,0.0,2052,26,0.0,0.0,0.0,0.0,2050.0,518.359375
2,92800,KELP,2048.0,22.0,0.0,0.0,0.0,0.0,2052,22,0.0,0.0,0.0,0.0,2050.0,522.1484375
2,92900,KELP,2049.0,5.0,2048.0,31.0,0.0,0.0,2052,31,0.0,0.0,0.0,0.0,2050.5,522.8125
2,93000,KELP,2049.0,1.0,2048.0,23.0,0.0,0.0,2052,24,0.0,0.0,0.0,0.0,2050.5,523.703125
2,93100,KELP,2049.0,2.0,2048.0,27.0,0.0,0.0,2052,27,0.0,0.0,0.0,0.0,2050.5,520.375
2,93200,KELP,2049.0,2.0,2048.0,24.0,0.0,0.0,2052,25,0.0,0.0,0.0,0.0,2050.5,523.375
2,93300,KELP,2049.0,22.0,0.0,0.0,0.0,0.0,2051,5,2052.0,26.0,0.0,0.0,2050.0,527.453125
2,93400,KELP,2049.0,28.0,0.0,0.0,0.0,0.0,2052,28,0.0,0.0,0.0,0.0,2050.5,529.0546875
2,93500,KELP,2048.0,26.0,0.0,0.0,0.0,0.0,2052,26,0.0,0.0,0.0,0.0,2050.0,522.796875
2,93600,KELP,2048.0,22.0,0.0,0.0,0.0,0.0,2050,3,2052.0,22.0,0.0,0.0,2049.0,518.453125
2,93700,KELP,2049.0,2.0,2048.0,31.0,0.0,0.0,2052,31,0.0,0.0,0.0,0.0,2050.5,517.453125
2,93800,KELP,2048.0,22.0,0.0,0.0,0.0,0.0,2052,22,0.0,0.0,0.0,0.0,2050.0,525.8671875
2,93900,KELP,2048.0,26.0,0.0,0.0,0.0,0.0,2050,4,2052.0,26.0,0.0,0.0,2049.0,524.8203125
2,94000,KELP,2049.0,30.0,0.0,0.0,0.0,0.0,2051,2,2052.0,30.0,0.0,0.0,2050.0,528.7421875
2,94100,KELP,2048.0,23.0,0.0,0.0,0.0,0.0,2052,23,0.0,0.0,0.0,0.0,2050.0,526.671875
2,94200,KELP,2049.0,2.0,2048.0,27.0,0.0,0.0,2051,7,2052.0,29.0,0.0,0.0,2050.0,527.671875
2,94300,KELP,2049.0,2.0,2048.0,24.0,0.0,0.0,2052,26,0.0,0.0,0.0,0.0,2050.5,525.6328125
2,94400,KELP,2049.0,4.0,2048.0,20.0,0.0,0.0,2052,20,0.0,0.0,0.0,0.0,2050.5,523.6640625
2,94500,KELP,2051.0,1.0,2048.0,22.0,0.0,0.0,2052,22,0.0,0.0,0.0,0.0,2051.5,524.359375
2,94600,KELP,2051.0,1.0,2048.0,23.0,0.0,0.0,2052,23,0.0,0.0,0.0,0.0,2051.5,522.1796875
2,94700,KELP,2048.0,21.0,0.0,0.0,0.0,0.0,2052,21,0.0,0.0,0.0,0.0,2050.0,524.75
2,94800,KELP,2048.0,23.0,0.0,0.0,0.0,0.0,2052,23,0.0,0.0,0.0,0.0,2050.0,527.296875
2,94900,KELP,2049.0,20.0,0.0,0.0,0.0,0.0,2052,20,0.0,0.0,0.0,0.0,2050.5,536.640625
2,95000,KELP,2051.0,1.0,2049.0,28.0,0.0,0.0,2052,28,0.0,0.0,0.0,0.0,2051.5,539.828125
2,95100,KELP,2049.0,29.0,0.0,0.0,0.0,0.0,2052,29,0.0,0.0,0.0,0.0,2050.5,539.0078125
2,95200,KELP,2049.0,28.0,0.0,0.0,0.0,0.0,2052,28,0.0,0.0,0.0,0.0,2050.5,533.6328125
2,95300,KELP,2049.0,28.0,0.0,0.0,0.0,0.0,2052,28,0.0,0.0,0.0,0.0,2050.5,534.859375
2,95400,KELP,2049.0,32.0,0.0,0.0,0.0,0.0,2052,32,0.0,0.0,0.0,0.0,2050.5,543.3125
2,95500,KELP,2049.0,25.0,0.0,0.0,0.0,0.0,2053,25,0.0,0.0,0.0,0.0,2051.0,555.5703125
2,95600,KELP,2049.0,25.0,0.0,0.0,0.0,0.0,2052,1,2053.0,24.0,0.0,0.0,2050.5,551.30859375
2,95700,KELP,2049.0,24.0,0.0,0.0,0.0,0.0,2051,5,2052.0,2.0,2053.0,22.0,2050.0,549.734375
2,95800,KELP,2049.0,29.0,0.0,0.0,0.0,0.0,2052,1,2053.0,28.0,0.0,0.0,2050.5,548.69140625
2,95900,KELP,2050.0,2.0,2049.0,29.0,0.0,0.0,2053,29,0.0,0.0,0.0,0.0,2051.5,554.8046875
2,96000,KELP,2049.0,25.0,0.0,0.0,0.0,0.0,2053,25,0.0,0.0,0.0,0.0,2051.0,553.70703125
2,96100,KELP,2049.0,30.0,0.0,0.0,0.0,0.0,2051,6,2053.0,30.0,0.0,0.0,2050.0,551.44140625
2,96200,KELP,2049.0,23.0,0.0,0.0,0.0,0.0,2051,8,2053.0,24.0,0.0,0.0,2050.0,551.49609375
2,96300,KELP,2049.0,22.0,0.0,0.0,0.0,0.0,2053,22,0.0,0.0,0.0,0.0,2051.0,550.94921875
2,96400,KELP,2049.0,28.0,0.0,0.0,0.0,0.0,2052,2,2053.0,26.0,0.0,0.0,2050.5,548.734375
2,96500,KELP,2049.0,23.0,0.0,0.0,0.0,0.0,2052,2,2053.0,21.0,0.0,0.0,2050.5,548.453125
2,96600,KELP,2051.0,4.0,2049.0,26.0,0.0,0.0,2052,2,2053.0,24.0,0.0,0.0,2051.5,548.12109375
2,96700,KELP,2049.0,26.0,0.0,0.0,0.0,0.0,2053,26,0.0,0.0,0.0,0.0,2051.0,550.55078125
2,96800,KELP,2049.0,26.0,0.0,0.0,0.0,0.0,2052,26,0.0,0.0,0.0,0.0,2050.5,544.3046875
2,96900,KELP,2051.0,1.0,2049.0,26.0,0.0,0.0,2053,26,0.0,0.0,0.0,0.0,2052.0,550.8359375
2,97000,KELP,2049.0,28.0,0.0,0.0,0.0,0.0,2051,3,2052.0,28.0,0.0,0.0,2050.0,546.73046875
2,97100,KELP,2049.0,23.0,0.0,0.0,0.0,0.0,2053,23,0.0,0.0,0.0,0.0,2051.0,551.58203125
2,97200,KELP,2049.0,23.0,0.0,0.0,0.0,0.0,2053,23,0.0,0.0,0.0,0.0,2051.0,552.33203125
2,97300,KELP,2049.0,24.0,0.0,0.0,0.0,0.0,2053,24,0.0,0.0,0.0,0.0,2051.0,553.9296875
2,97400,KELP,2049.0,24.0,0.0,0.0,0.0,0.0,2053,24,0.0,0.0,0.0,0.0,2051.0,552.83203125
2,97500,KELP,2049.0,23.0,0.0,0.0,0.0,0.0,2053,23,0.0,0.0,0.0,0.0,2051.0,553.87890625
2,97600,KELP,2051.0,2.0,2049.0,26.0,0.0,0.0,2053,26,0.0,0.0,0.0,0.0,2052.0,551.6875
2,97700,KELP,2049.0,24.0,0.0,0.0,0.0,0.0,2053,25,0.0,0.0,0.0,0.0,2051.0,552.11328125
2,97800,KELP,2049.0,30.0,0.0,0.0,0.0,0.0,2053,30,0.0,0.0,0.0,0.0,2051.0,565.1171875
2,97900,KELP,2049.0,23.0,0.0,0.0,0.0,0.0,2052,23,0.0,0.0,0.0,0.0,2050.5,563.75390625
2,98000,KELP,2049.0,28.0,0.0,0.0,0.0,0.0,2052,28,0.0,0.0,0.0,0.0,2050.5,562.5234375
2,98100,KELP,2049.0,30.0,0.0,0.0,0.0,0.0,2052,29,0.0,0.0,0.0,0.0,2050.5,562.310546875
2,98200,KELP,2049.0,22.0,0.0,0.0,0.0,0.0,2052,22,0.0,0.0,0.0,0.0,2050.5,562.5390625
2,98300,KELP,2049.0,25.0,0.0,0.0,0.0,0.0,2050,5,2053.0,25.0,0.0,0.0,2049.5,566.384765625
2,98400,KELP,2049.0,20.0,0.0,0.0,0.0,0.0,2053,20,0.0,0.0,0.0,0.0,2051.0,568.84765625
2,98500,KELP,2049.0,21.0,0.0,0.0,0.0,0.0,2051,6,2052.0,1.0,2053.0,20.0,2050.0,569.203125
2,98600,KELP,2049.0,26.0,0.0,0.0,0.0,0.0,2052,1,2053.0,25.0,0.0,0.0,2050.5,567.5703125
2,98700,KELP,2049.0,25.0,0.0,0.0,0.0,0.0,2052,1,2053.0,24.0,0.0,0.0,2050.5,568.46484375
2,98800,KELP,2049.0,29.0,0.0,0.0,0.0,0.0,2052,2,2053.0,27.0,0.0,0.0,2050.5,570.6328125
2,98900,KELP,2051.0,1.0,2049.0,22.0,0.0,0.0,2053,22,0.0,0.0,0.0,0.0,2052.0,569.421875
2,99000,KELP,2049.0,26.0,0.0,0.0,0.0,0.0,2053,26,0.0,0.0,0.0,0.0,2051.0,568.921875
2,99100,KELP,2049.0,31.0,0.0,0.0,0.0,0.0,2052,1,2053.0,30.0,0.0,0.0,2050.5,569.18359375
2,99200,KELP,2049.0,20.0,0.0,0.0,0.0,0.0,2053,20,0.0,0.0,0.0,0.0,2051.0,570.0078125
2,99300,KELP,2049.0,24.0,0.0,0.0,0.0,0.0,2052,1,2053.0,23.0,0.0,0.0,2050.5,569.484375
2,99400,KELP,2049.0,27.0,0.0,0.0,0.0,0.0,2051,2,2052.0,27.0,0.0,0.0,2050.0,579.02734375
2,99500,KELP,2049.0,24.0,0.0,0.0,0.0,0.0,2052,24,0.0,0.0,0.0,0.0,2050.5,578.39453125
2,99600,KELP,2049.0,30.0,0.0,0.0,0.0,0.0,2053,30,0.0,0.0,0.0,0.0,2051.0,582.30859375
2,99700,KELP,2050.0,29.0,0.0,0.0,0.0,0.0,2053,30,0.0,0.0,0.0,0.0,2051.5,587.1328125
2,99800,KELP,2049.0,28.0,0.0,0.0,0.0,0.0,2051,6,2053.0,28.0,0.0,0.0,2050.0,584.34765625
2,99900,KELP,2049.0,28.0,0.0,0.0,0.0,0.0,2052,21,0.0,0.0,0.0,0.0,2050.5,576.13671875
